student_id,gender,attendance_pct,study_hours_per_day,previous_score,assignment_avg,internal_marks,sleep_hours,classes_missed,extracurricular_level,internet_access,parent_education,final_score,performance_category
STU10001,Female,81.7,7.05,32.5,62.5,50.7,5.8,6,Medium,Yes,School,24.9,Fail
STU10002,Male,65.5,10.28,44.4,89.2,58.7,7.4,5,Low,Yes,School,44.2,Average
STU10003,Female,87.0,2.6,89.8,72.4,55.6,6.2,0,Low,Yes,Graduate,39.3,Fail
STU10004,Male,89.3,0.5,53.6,76.4,83.4,6.8,3,Medium,Yes,Graduate,28.2,Fail
STU10005,Male,54.6,2.59,62.8,68.8,90.5,8.9,8,Low,Yes,School,37.8,Fail
STU10006,Male,62.4,12.0,77.2,32.2,40.8,5.5,6,Low,Yes,School,28.4,Fail
STU10007,Male,79.5,2.29,88.8,54.9,89.3,6.7,5,Medium,Yes,Graduate,43.4,Average
STU10008,Female,74.2,6.06,65.2,70.1,70.1,5.6,5,Medium,No,Graduate,32.8,Fail
STU10009,Male,77.8,1.92,62.3,77.5,82.2,7.2,3,Low,Yes,Graduate,35.0,Fail
STU10010,Male,67.8,4.14,69.0,45.2,75.6,8.2,9,Medium,Yes,School,25.3,Fail
STU10011,Male,88.6,2.09,59.2,71.2,87.7,7.2,0,Medium,Yes,Graduate,50.8,Average
STU10012,Male,87.3,1.09,60.0,55.2,71.7,6.9,2,Medium,No,Postgraduate,35.7,Fail
STU10013,Male,78.8,4.2,73.8,75.5,51.3,8.5,1,High,Yes,School,47.0,Average
STU10014,Female,91.5,2.79,70.6,71.7,67.6,7.4,2,Low,Yes,Graduate,33.4,Fail
STU10015,Male,83.6,2.07,97.8,83.2,75.7,7.9,2,Low,Yes,Graduate,37.6,Fail
STU10016,Female,67.7,0.95,74.1,88.0,66.2,7.8,8,Low,Yes,School,27.2,Fail
STU10017,Male,82.4,3.85,84.1,78.9,77.6,4.0,3,Low,Yes,Postgraduate,53.3,Average
STU10018,Male,66.5,4.7,53.0,84.9,68.1,6.9,9,Medium,Yes,Postgraduate,29.6,Fail
STU10019,Female,88.5,4.08,75.4,66.7,61.3,5.8,2,Low,Yes,Graduate,41.4,Average
STU10020,Male,77.4,4.44,57.9,100.0,54.9,6.1,2,Medium,Yes,School,29.9,Fail
STU10021,Male,75.8,2.96,73.5,53.7,63.9,8.6,5,High,No,School,26.2,Fail
STU10022,Male,69.8,3.01,77.6,64.1,71.7,6.6,6,Medium,No,Graduate,31.7,Fail
STU10023,Female,92.7,2.9,68.7,85.5,43.5,9.1,0,Medium,Yes,School,49.0,Average
STU10024,Female,76.1,2.16,98.0,83.3,58.9,5.5,3,Medium,Yes,Graduate,46.2,Average
STU10025,Male,72.9,2.38,88.0,79.3,43.0,5.8,4,Medium,Yes,School,21.4,Fail
STU10026,Female,73.8,4.55,84.5,82.1,61.0,7.8,8,Medium,Yes,Graduate,43.3,Average
STU10027,Male,84.4,7.76,78.7,40.7,84.6,6.6,4,Medium,No,Postgraduate,37.4,Fail
STU10028,Female,82.4,1.46,92.7,95.8,53.6,7.3,3,Low,Yes,School,35.5,Fail
STU10029,Female,83.0,3.0,47.9,68.9,78.1,6.9,4,Low,Yes,Graduate,32.0,Fail
STU10030,Male,83.2,1.2,87.2,90.7,100.0,6.8,0,Medium,Yes,Postgraduate,58.6,Good
STU10031,Male,100.0,2.19,54.1,41.5,87.9,6.7,0,Medium,Yes,School,39.3,Fail
STU10032,Female,73.1,2.49,60.1,75.8,70.7,7.2,6,Low,Yes,Postgraduate,31.9,Fail
STU10033,Male,71.9,3.66,75.9,63.5,80.2,7.7,6,Low,Yes,Graduate,37.2,Fail
STU10034,Female,68.2,3.59,85.3,80.6,51.2,8.8,6,Medium,Yes,Graduate,44.6,Average
STU10035,Female,85.4,3.18,51.8,76.8,48.5,6.8,3,Low,Yes,Graduate,19.5,Fail
STU10036,Female,91.5,4.3,60.8,77.5,69.4,6.6,2,Medium,Yes,School,46.7,Average
STU10037,Male,76.6,1.59,69.4,56.1,74.2,6.4,5,Low,Yes,School,22.4,Fail
STU10038,Female,67.9,3.68,65.4,71.1,83.2,8.6,8,Low,Yes,Graduate,34.9,Fail
STU10039,Male,68.1,5.32,80.0,69.3,61.6,7.8,7,Medium,Yes,Graduate,34.8,Fail
STU10040,Female,85.8,1.57,98.0,79.4,71.5,4.9,4,Low,Yes,Postgraduate,35.2,Fail
STU10041,Female,86.9,0.62,73.9,86.8,71.1,4.9,5,Low,Yes,Graduate,34.8,Fail
STU10042,Female,84.5,6.28,57.7,74.3,67.3,6.1,4,High,Yes,School,37.3,Fail
STU10043,Female,70.0,1.23,49.8,52.9,68.1,7.3,9,Medium,Yes,School,16.9,Fail
STU10044,Male,80.8,2.11,63.4,73.6,57.9,7.0,3,Medium,Yes,Postgraduate,31.8,Fail
STU10045,Male,79.4,5.22,54.8,100.0,72.6,7.6,2,Medium,Yes,School,48.7,Average
STU10046,Female,80.6,1.5,74.5,96.7,71.5,6.8,4,Low,Yes,Postgraduate,49.8,Average
STU10047,Male,88.5,6.0,74.3,27.4,63.3,8.5,2,Medium,Yes,School,41.8,Average
STU10048,Male,80.7,1.87,61.5,73.0,77.7,7.8,6,Medium,Yes,School,33.2,Fail
STU10049,Female,86.1,1.68,95.8,86.0,82.4,7.1,1,Low,Yes,School,37.5,Fail
STU10050,Female,78.8,1.2,57.7,69.3,77.8,8.3,4,Low,Yes,Graduate,33.5,Fail
STU10051,Male,81.5,1.88,66.3,65.1,55.4,5.2,4,Medium,Yes,School,28.9,Fail
STU10052,Male,85.6,4.75,76.9,68.0,70.3,6.9,3,Low,Yes,Postgraduate,44.6,Average
STU10053,Male,60.5,2.11,80.5,80.3,57.2,7.2,8,Low,Yes,Graduate,23.1,Fail
STU10054,Female,74.2,6.3,85.9,54.8,70.3,7.7,6,Medium,Yes,School,43.6,Average
STU10055,Female,72.4,3.28,74.0,89.8,57.2,5.1,7,Medium,Yes,Graduate,40.6,Average
STU10056,Male,70.3,3.49,82.7,71.2,85.6,6.7,8,Medium,Yes,Graduate,33.9,Fail
STU10057,Male,74.7,1.63,58.7,58.0,79.2,7.4,5,Low,Yes,Graduate,30.6,Fail
STU10058,Female,95.9,6.92,80.9,88.9,84.0,7.5,0,Medium,Yes,Graduate,53.2,Average
STU10059,Male,67.6,5.35,80.7,48.8,82.7,8.3,9,High,Yes,Postgraduate,38.3,Fail
STU10060,Female,89.6,5.25,89.2,63.7,65.5,7.8,0,Medium,Yes,Graduate,43.3,Average
STU10061,Male,57.8,2.83,44.6,63.4,63.5,6.9,11,High,No,Graduate,14.6,Fail
STU10062,Female,74.0,1.07,55.3,100.0,91.6,7.7,7,Medium,Yes,Graduate,34.6,Fail
STU10063,Female,80.0,3.62,79.5,61.7,66.9,6.8,6,Low,No,Graduate,34.4,Fail
STU10064,Male,85.0,4.62,30.9,39.7,51.4,7.2,4,Medium,Yes,Graduate,23.8,Fail
STU10065,Male,86.5,4.65,74.9,63.3,82.1,7.9,0,Medium,Yes,School,50.1,Average
STU10066,Male,87.5,4.23,82.8,78.8,70.9,7.0,1,High,Yes,School,41.8,Average
STU10067,Male,73.8,4.11,59.9,83.8,88.6,7.4,6,Low,No,Postgraduate,38.3,Fail
STU10068,Male,72.5,1.86,62.0,100.0,72.2,8.1,4,Low,Yes,Postgraduate,31.1,Fail
STU10069,Male,88.3,1.93,53.0,93.1,68.7,7.8,2,High,Yes,School,35.2,Fail
STU10070,Female,75.7,1.21,60.7,74.8,88.8,8.4,6,Low,Yes,Postgraduate,33.9,Fail
STU10071,Male,62.7,6.35,61.1,58.6,49.0,9.6,7,Medium,Yes,Graduate,25.7,Fail
STU10072,Male,64.4,10.31,58.4,96.4,61.4,7.8,5,Low,Yes,School,43.4,Average
STU10073,Female,67.0,12.0,57.7,66.5,57.5,6.5,8,High,Yes,Postgraduate,38.4,Fail
STU10074,Male,84.0,3.8,64.2,62.1,40.5,7.6,4,Low,Yes,Postgraduate,29.3,Fail
STU10075,Male,79.7,4.12,64.0,65.7,80.4,7.5,4,Medium,Yes,Graduate,43.9,Average
STU10076,Female,86.3,2.92,94.2,53.2,61.8,7.7,4,Medium,No,Graduate,36.1,Fail
STU10077,Female,72.9,3.76,62.5,65.0,80.8,8.6,6,High,Yes,School,38.5,Fail
STU10078,Male,79.9,1.5,72.8,68.5,74.1,5.1,6,High,Yes,Graduate,39.0,Fail
STU10079,Female,85.5,2.87,59.9,83.0,76.9,8.7,3,Medium,Yes,Graduate,47.1,Average
STU10080,Male,74.3,1.69,59.7,66.2,63.1,9.0,7,Low,Yes,Graduate,25.4,Fail
STU10081,Male,83.5,2.6,44.1,53.0,59.1,7.6,0,Medium,Yes,School,20.1,Fail
STU10082,Male,70.1,1.81,46.0,47.9,70.2,7.7,7,High,Yes,Graduate,17.3,Fail
STU10083,Male,73.6,4.62,51.1,75.1,80.9,6.7,5,Medium,Yes,Postgraduate,27.1,Fail
STU10084,Male,73.4,5.02,70.6,73.1,68.3,7.0,4,High,Yes,Postgraduate,43.1,Average
STU10085,Male,63.6,4.03,83.1,63.7,59.9,7.8,9,Medium,Yes,School,34.6,Fail
STU10086,Female,83.8,1.94,43.0,65.0,53.4,7.7,5,Low,Yes,Graduate,21.9,Fail
STU10087,Male,72.4,1.14,60.3,77.8,71.7,7.8,3,Low,Yes,School,21.5,Fail
STU10088,Female,78.1,5.06,48.9,92.9,61.8,7.7,5,Low,Yes,Graduate,31.6,Fail
STU10089,Male,83.8,3.27,64.3,60.3,68.1,8.0,4,Medium,Yes,School,39.5,Fail
STU10090,Female,83.4,0.59,83.1,73.3,65.9,7.9,2,Medium,No,Postgraduate,41.0,Average
STU10091,Male,86.0,3.6,61.7,86.4,63.2,5.9,2,Low,Yes,Graduate,39.0,Fail
STU10092,Male,76.8,4.14,67.3,60.4,72.8,7.9,2,Medium,Yes,Graduate,54.1,Average
STU10093,Female,72.9,0.81,88.4,71.8,76.2,9.0,5,Low,No,Graduate,37.8,Fail
STU10094,Male,77.0,4.67,74.4,71.4,94.5,7.0,4,Medium,Yes,School,31.7,Fail
STU10095,Female,57.8,0.94,57.4,52.3,78.9,8.6,10,Medium,No,School,13.0,Fail
STU10096,Female,60.6,1.77,70.2,74.5,89.7,6.0,8,Medium,Yes,School,31.2,Fail
STU10097,Female,62.1,0.94,56.4,72.5,58.4,7.0,6,Low,Yes,Graduate,20.5,Fail
STU10098,Female,66.0,1.62,73.9,80.3,48.2,6.3,7,Medium,Yes,Postgraduate,27.1,Fail
STU10099,Female,82.8,1.15,75.2,54.2,68.8,8.5,3,High,Yes,School,32.3,Fail
STU10100,Male,67.1,6.32,48.9,72.1,80.2,8.8,5,Medium,Yes,Graduate,32.8,Fail
STU10101,Female,73.5,2.72,70.5,92.7,78.1,6.9,3,High,Yes,School,41.2,Average
STU10102,Male,93.6,2.3,66.4,100.0,84.7,8.3,2,Low,Yes,Graduate,52.4,Average
STU10103,Male,73.7,6.72,75.6,91.2,36.0,8.8,6,Low,Yes,Graduate,46.6,Average
STU10104,Female,86.9,6.49,79.6,54.3,85.3,7.0,3,Low,Yes,Postgraduate,53.6,Average
STU10105,Male,66.8,2.44,74.7,78.8,73.4,7.1,6,Medium,No,Postgraduate,29.8,Fail
STU10106,Female,75.5,3.98,63.8,64.8,48.9,7.8,5,Low,Yes,Graduate,27.9,Fail
STU10107,Female,66.6,2.06,81.1,76.3,78.4,6.1,5,High,Yes,Graduate,35.1,Fail
STU10108,Female,73.9,3.03,55.8,60.4,71.2,7.1,4,Medium,Yes,School,30.6,Fail
STU10109,Male,88.1,1.34,49.5,46.3,74.0,9.4,2,High,Yes,School,27.9,Fail
STU10110,Female,57.3,4.38,25.0,66.8,82.0,6.4,9,Medium,Yes,Postgraduate,19.1,Fail
STU10111,Male,83.2,6.89,67.0,82.8,74.6,7.9,1,Medium,Yes,Graduate,55.2,Good
STU10112,Male,80.9,6.12,56.5,76.3,49.9,7.6,2,Medium,Yes,School,34.8,Fail
STU10113,Female,70.9,3.38,73.6,78.0,67.1,6.8,5,Medium,Yes,School,34.6,Fail
STU10114,Female,60.6,0.53,40.4,75.2,48.0,7.2,9,Medium,Yes,School,14.1,Fail
STU10115,Female,78.9,1.99,58.9,78.1,77.4,8.9,3,Low,Yes,Graduate,38.3,Fail
STU10116,Female,71.6,3.03,74.6,79.9,87.2,7.6,6,High,No,Graduate,42.7,Average
STU10117,Female,80.8,1.01,53.6,67.9,52.9,7.8,4,Medium,Yes,Postgraduate,34.2,Fail
STU10118,Male,78.3,0.85,73.7,73.2,60.3,8.8,4,Medium,Yes,Graduate,27.6,Fail
STU10119,Male,97.2,8.13,60.2,98.1,57.5,6.7,1,Low,Yes,Postgraduate,48.9,Average
STU10120,Female,75.1,5.65,67.5,74.1,63.1,5.8,3,Low,Yes,School,32.7,Fail
STU10121,Female,65.7,4.62,76.3,72.6,74.4,8.9,6,Low,No,School,33.1,Fail
STU10122,Male,80.2,5.23,81.3,73.5,63.2,7.2,6,Medium,Yes,School,42.7,Average
STU10123,Male,80.6,1.18,69.3,68.7,77.5,8.0,6,Low,No,School,35.3,Fail
STU10124,Male,94.3,1.58,56.6,65.5,82.8,6.2,2,High,Yes,Postgraduate,33.1,Fail
STU10125,Female,88.0,3.81,61.6,75.1,83.3,7.4,4,High,Yes,Postgraduate,50.2,Average
STU10126,Male,82.3,4.02,76.9,64.4,54.5,5.8,1,Low,Yes,School,25.2,Fail
STU10127,Female,95.6,0.96,53.7,69.8,87.0,7.1,0,Medium,Yes,Graduate,39.9,Fail
STU10128,Female,63.7,3.62,65.5,60.1,88.1,6.3,7,Low,Yes,Graduate,25.2,Fail
STU10129,Other,70.3,3.07,62.6,73.6,89.2,6.0,10,Low,Yes,Graduate,26.4,Fail
STU10130,Male,66.9,5.99,66.6,80.8,66.9,6.7,6,Low,Yes,School,33.3,Fail
STU10131,Female,73.3,4.04,53.9,68.8,59.2,4.5,6,High,Yes,School,21.7,Fail
STU10132,Female,61.5,8.73,42.1,41.9,56.2,5.7,8,High,Yes,School,6.0,Fail
STU10133,Male,85.6,2.45,75.3,80.9,54.7,7.9,3,Low,Yes,Postgraduate,40.1,Average
STU10134,Male,75.3,1.25,81.5,73.8,69.2,7.4,5,Low,Yes,Graduate,37.7,Fail
STU10135,Male,60.4,8.58,42.9,57.1,80.0,5.8,6,Medium,Yes,Graduate,29.5,Fail
STU10136,Male,65.8,4.18,73.2,83.6,86.0,7.6,3,Medium,Yes,Postgraduate,42.8,Average
STU10137,Male,81.8,3.08,83.2,51.0,62.7,6.0,6,Low,Yes,School,27.0,Fail
STU10138,Male,88.1,1.63,76.3,87.7,68.5,7.8,1,High,No,School,31.4,Fail
STU10139,Female,100.0,2.47,62.2,71.1,67.6,6.9,0,High,Yes,School,28.2,Fail
STU10140,Male,100.0,2.38,54.8,38.0,60.7,6.6,1,Medium,Yes,Graduate,32.1,Fail
STU10141,Male,83.0,1.2,69.1,74.7,78.6,6.9,4,High,Yes,Graduate,41.6,Average
STU10142,Female,66.1,0.5,71.5,65.9,73.7,9.8,8,Medium,Yes,School,31.9,Fail
STU10143,Female,52.4,2.33,69.3,63.6,70.8,6.2,11,Medium,Yes,School,23.2,Fail
STU10144,Female,81.2,5.31,65.5,60.9,73.7,7.2,2,High,No,Graduate,42.0,Average
STU10145,Female,68.2,7.27,52.8,70.1,77.0,7.9,5,Medium,Yes,Graduate,40.9,Average
STU10146,Female,73.0,6.14,73.9,64.7,76.9,5.9,5,Medium,Yes,School,33.3,Fail
STU10147,Male,70.7,6.38,74.6,44.1,58.1,5.2,7,Low,Yes,Graduate,28.7,Fail
STU10148,Male,76.3,1.33,70.8,91.1,80.7,6.3,2,Medium,Yes,School,36.0,Fail
STU10149,Male,90.8,3.86,69.6,68.3,72.3,7.8,2,Low,Yes,School,36.3,Fail
STU10150,Female,79.9,4.64,91.5,61.0,63.3,6.6,5,Low,Yes,School,42.2,Average
STU10151,Male,76.1,4.84,59.3,55.1,72.0,6.7,6,Medium,Yes,Graduate,39.0,Fail
STU10152,Female,65.6,3.03,85.9,83.6,73.5,8.0,8,Medium,Yes,Graduate,27.8,Fail
STU10153,Male,57.9,3.54,57.7,52.5,83.1,6.1,10,Low,Yes,Graduate,20.5,Fail
STU10154,Female,72.2,6.02,83.5,74.0,55.4,6.9,1,Low,No,School,35.7,Fail
STU10155,Male,77.4,4.53,85.3,63.2,86.2,5.3,7,High,Yes,Graduate,46.4,Average
STU10156,Female,99.2,5.11,63.9,64.1,69.3,7.4,1,Medium,Yes,Graduate,34.8,Fail
STU10157,Female,79.6,2.25,91.3,55.4,62.4,7.3,6,Medium,Yes,Graduate,20.5,Fail
STU10158,Male,89.8,4.93,74.6,62.7,62.0,7.9,0,High,Yes,Graduate,47.2,Average
STU10159,Female,72.0,3.51,55.7,72.1,56.0,5.7,3,High,Yes,Graduate,33.2,Fail
STU10160,Male,63.8,5.63,62.8,75.5,46.4,6.8,10,Low,Yes,School,14.4,Fail
STU10161,Male,66.4,1.86,83.9,60.2,77.8,5.6,5,Medium,Yes,School,30.6,Fail
STU10162,Male,69.3,5.33,80.9,70.6,94.8,6.7,6,Low,No,School,46.4,Average
STU10163,Female,100.0,2.5,53.2,85.3,48.0,8.6,1,Medium,Yes,Graduate,30.8,Fail
STU10164,Male,68.1,5.35,66.1,47.1,56.6,6.6,8,Medium,Yes,Graduate,26.9,Fail
STU10165,Female,88.1,3.88,70.8,71.9,78.8,5.5,4,Low,Yes,Graduate,39.7,Fail
STU10166,Female,67.2,3.32,60.9,57.7,68.4,6.3,7,Medium,No,School,15.7,Fail
STU10167,Male,89.2,2.6,98.0,56.2,79.8,5.2,1,Low,Yes,School,37.4,Fail
STU10168,Male,82.6,3.09,71.3,75.9,67.7,5.6,5,Medium,Yes,School,24.8,Fail
STU10169,Male,76.1,2.34,67.1,63.8,61.5,7.7,6,Low,Yes,School,25.5,Fail
STU10170,Male,77.5,2.56,84.7,53.7,66.1,5.4,2,High,Yes,Graduate,31.1,Fail
STU10171,Female,70.1,4.45,62.9,91.9,38.0,7.3,8,Medium,Yes,School,28.9,Fail
STU10172,Male,83.4,0.7,82.1,85.8,54.1,7.0,0,Low,Yes,School,37.9,Fail
STU10173,Female,72.5,5.3,44.7,43.0,81.3,6.4,7,Medium,Yes,Graduate,32.7,Fail
STU10174,Female,63.3,5.36,61.6,49.9,84.5,7.3,6,Low,Yes,School,40.3,Average
STU10175,Male,62.7,2.66,82.7,80.9,87.3,6.0,9,Medium,Yes,Postgraduate,38.7,Fail
STU10176,Female,80.1,3.6,90.0,67.7,74.7,7.9,5,Medium,Yes,Postgraduate,42.8,Average
STU10177,Female,96.9,1.48,57.2,94.5,39.7,6.2,1,Low,No,Graduate,27.0,Fail
STU10178,Female,79.9,4.25,55.5,81.2,60.7,6.6,5,Low,Yes,School,24.1,Fail
STU10179,Male,76.6,1.65,75.9,76.5,86.2,6.4,5,Low,Yes,Graduate,38.1,Fail
STU10180,Female,81.4,0.5,59.3,56.7,90.1,7.8,5,Medium,Yes,Graduate,28.6,Fail
STU10181,Female,93.7,7.09,64.2,79.4,86.7,7.6,5,Medium,Yes,Graduate,50.7,Average
STU10182,Female,80.6,1.35,80.3,52.9,65.9,4.1,2,Low,Yes,School,21.8,Fail
STU10183,Female,73.1,3.05,60.4,91.6,52.0,7.3,1,Low,Yes,School,28.4,Fail
STU10184,Female,91.3,3.7,40.5,78.3,68.5,5.1,1,High,Yes,School,32.4,Fail
STU10185,Female,83.1,4.44,49.8,59.6,69.2,6.6,3,Low,No,Graduate,27.0,Fail
STU10186,Male,96.4,3.24,68.1,84.1,89.4,6.9,0,Low,Yes,Graduate,35.9,Fail
STU10187,Female,80.2,3.93,41.9,100.0,72.0,6.6,3,Medium,Yes,Postgraduate,36.4,Fail
STU10188,Male,63.3,2.62,63.8,68.7,69.2,7.6,9,Low,Yes,School,19.7,Fail
STU10189,Female,61.6,0.83,48.5,80.3,70.0,7.8,6,High,Yes,Graduate,31.0,Fail
STU10190,Male,97.8,3.15,91.0,65.5,74.2,6.1,1,Low,Yes,School,47.2,Average
STU10191,Female,98.7,4.86,98.0,73.3,77.1,6.1,1,High,Yes,School,40.1,Average
STU10192,Female,75.8,1.42,53.2,49.4,59.6,7.0,5,Medium,Yes,Graduate,25.5,Fail
STU10193,Female,73.4,3.73,71.6,72.0,55.3,5.3,6,Low,Yes,School,28.5,Fail
STU10194,Male,95.5,9.84,54.6,72.7,86.8,6.5,2,Medium,Yes,Postgraduate,43.0,Average
STU10195,Female,64.7,3.01,63.7,99.0,47.7,8.5,7,High,Yes,Postgraduate,37.8,Fail
STU10196,Male,67.3,3.12,93.2,45.1,90.3,5.3,6,Medium,Yes,School,28.3,Fail
STU10197,Male,85.7,0.76,61.5,67.8,44.2,6.6,4,Low,Yes,School,26.9,Fail
STU10198,Male,73.3,1.28,64.0,91.3,61.4,6.3,6,High,Yes,School,25.8,Fail
STU10199,Other,77.9,1.66,54.8,68.4,81.6,9.2,6,Low,Yes,Postgraduate,23.9,Fail
STU10200,Other,76.0,4.73,84.0,69.4,69.0,6.4,2,Low,Yes,School,48.8,Average
STU10201,Female,82.1,1.5,25.0,59.5,51.9,6.5,3,Low,Yes,Graduate,6.1,Fail
STU10202,Female,94.9,0.52,61.8,58.0,74.5,5.9,0,High,Yes,School,27.0,Fail
STU10203,Male,79.1,4.19,67.4,44.6,69.9,7.0,5,Low,Yes,Graduate,26.5,Fail
STU10204,Male,85.7,1.79,58.7,62.6,66.2,7.3,4,Low,No,School,22.5,Fail
STU10205,Female,53.4,0.79,80.1,57.2,60.9,6.0,9,High,Yes,Postgraduate,26.9,Fail
STU10206,Female,77.4,5.12,84.8,73.8,68.6,8.1,3,Medium,Yes,Graduate,45.5,Average
STU10207,Female,67.9,2.4,48.2,60.2,61.4,7.3,7,Low,Yes,School,22.8,Fail
STU10208,Male,63.4,4.46,97.3,64.8,100.0,7.9,7,Medium,Yes,School,47.1,Average
STU10209,Male,67.5,0.77,48.1,65.2,65.9,6.6,9,Low,Yes,Graduate,8.3,Fail
STU10210,Male,74.0,0.5,86.0,71.3,64.1,7.3,8,Medium,Yes,Graduate,34.9,Fail
STU10211,Female,89.0,3.48,70.1,64.1,62.0,6.8,4,Low,Yes,Postgraduate,35.5,Fail
STU10212,Male,62.1,1.24,60.9,56.1,92.1,8.6,8,Medium,Yes,Graduate,25.5,Fail
STU10213,Male,78.4,3.45,62.3,73.3,47.7,7.1,7,Medium,Yes,Postgraduate,39.8,Fail
STU10214,Female,72.2,3.5,67.5,88.0,73.7,7.0,6,Low,Yes,School,36.5,Fail
STU10215,Male,74.1,3.19,70.9,73.9,65.9,6.5,4,Low,Yes,Postgraduate,38.3,Fail
STU10216,Male,90.0,6.34,55.1,62.9,50.5,6.4,1,Medium,Yes,Postgraduate,40.6,Average
STU10217,Female,84.5,12.0,64.7,70.2,58.4,7.3,2,Medium,Yes,Graduate,46.3,Average
STU10218,Male,94.0,4.14,57.2,41.2,73.1,7.9,1,Medium,No,Postgraduate,37.7,Fail
STU10219,Female,76.1,9.83,51.0,69.9,57.8,6.2,5,Medium,Yes,Graduate,38.0,Fail
STU10220,Female,69.6,2.45,56.6,66.0,72.4,7.1,4,High,Yes,Graduate,27.0,Fail
STU10221,Male,75.3,1.03,51.9,58.0,91.5,7.2,4,High,Yes,School,21.9,Fail
STU10222,Male,80.9,1.89,62.1,60.7,71.2,7.4,4,High,Yes,School,30.0,Fail
STU10223,Female,80.1,2.56,74.1,65.8,50.1,5.1,5,Medium,Yes,Graduate,31.6,Fail
STU10224,Female,65.0,10.36,69.7,86.9,58.0,6.0,7,Low,Yes,Postgraduate,41.0,Average
STU10225,Female,79.1,3.32,95.6,88.4,65.3,5.5,5,Medium,Yes,Postgraduate,43.4,Average
STU10226,Male,80.7,6.5,37.1,58.1,64.4,7.0,2,Low,Yes,Graduate,28.4,Fail
STU10227,Female,100.0,2.29,74.6,64.2,71.0,6.0,0,Low,Yes,Postgraduate,37.8,Fail
STU10228,Male,100.0,2.08,68.1,64.6,73.1,6.5,0,Low,Yes,Graduate,44.8,Average
STU10229,Male,67.8,0.74,79.4,84.1,91.5,5.7,7,Medium,Yes,Graduate,37.4,Fail
STU10230,Male,74.6,10.15,78.0,74.2,69.0,6.6,5,Medium,Yes,School,43.3,Average
STU10231,Male,60.4,7.92,65.7,73.4,54.0,5.8,7,Medium,Yes,Graduate,23.7,Fail
STU10232,Male,70.9,3.75,70.4,80.0,84.0,7.8,5,Low,Yes,Graduate,37.5,Fail
STU10233,Male,81.8,2.67,57.6,63.1,85.4,7.5,6,High,Yes,Graduate,31.0,Fail
STU10234,Male,92.5,3.42,76.6,92.5,72.0,7.2,2,Medium,Yes,Graduate,43.5,Average
STU10235,Female,69.3,0.99,41.7,72.0,65.8,6.7,6,Low,Yes,Postgraduate,24.4,Fail
STU10236,Male,70.2,4.46,78.9,59.2,77.1,4.8,4,Low,Yes,Postgraduate,35.0,Fail
STU10237,Male,52.2,7.51,67.7,68.6,66.3,6.5,8,Low,Yes,Graduate,22.6,Fail
STU10238,Male,76.0,7.75,61.2,90.5,42.3,6.2,5,High,Yes,Graduate,40.1,Average
STU10239,Female,65.3,0.77,64.7,65.6,76.3,7.3,7,Low,Yes,Graduate,17.2,Fail
STU10240,Female,71.6,6.46,65.8,86.2,80.6,7.7,7,High,Yes,Graduate,46.4,Average
STU10241,Male,67.5,1.0,86.2,62.6,87.7,7.4,7,Low,Yes,Graduate,31.3,Fail
STU10242,Female,76.9,0.5,98.0,60.5,59.5,8.4,4,Medium,Yes,Postgraduate,38.5,Fail
STU10243,Female,56.9,6.62,85.1,81.9,71.9,6.4,8,Low,Yes,Postgraduate,39.6,Fail
STU10244,Female,60.4,2.15,60.1,58.9,72.2,6.3,11,Medium,Yes,Graduate,20.6,Fail
STU10245,Male,100.0,6.02,76.8,84.3,70.1,8.1,0,Medium,Yes,School,51.9,Average
STU10246,Male,62.6,5.67,77.4,77.3,70.5,7.2,6,Low,Yes,Graduate,37.7,Fail
STU10247,Female,64.8,5.2,55.0,58.9,69.5,6.7,5,High,Yes,Postgraduate,40.1,Average
STU10248,Female,100.0,3.39,50.3,70.9,71.8,9.0,0,Medium,Yes,Postgraduate,42.2,Average
STU10249,Female,100.0,1.11,67.1,63.8,78.6,7.6,1,Low,No,Postgraduate,37.8,Fail
STU10250,Female,63.9,2.56,79.3,77.2,84.9,6.8,6,Medium,Yes,Graduate,34.1,Fail
STU10251,Male,73.6,7.83,45.4,100.0,59.2,6.2,8,Low,No,Graduate,33.4,Fail
STU10252,Female,82.1,6.12,57.9,66.4,66.8,8.5,4,High,No,School,30.2,Fail
STU10253,Male,98.7,2.67,76.0,80.0,63.5,7.2,2,Medium,Yes,Graduate,48.2,Average
STU10254,Female,66.2,2.64,68.6,72.4,61.6,7.0,6,Low,Yes,School,18.7,Fail
STU10255,Female,75.1,4.89,87.8,72.4,48.0,7.7,4,Low,Yes,Postgraduate,34.6,Fail
STU10256,Female,87.3,3.56,48.2,69.5,69.3,8.0,3,Low,Yes,School,21.6,Fail
STU10257,Male,83.2,2.77,98.0,59.1,75.2,7.6,4,High,Yes,Postgraduate,47.3,Average
STU10258,Female,73.5,4.62,46.5,77.0,67.0,8.0,5,Low,Yes,Graduate,27.7,Fail
STU10259,Male,76.4,4.51,39.6,67.7,68.9,7.5,5,Low,Yes,School,28.0,Fail
STU10260,Male,61.5,1.93,67.2,58.4,74.4,7.6,9,High,Yes,Graduate,22.0,Fail
STU10261,Male,75.1,4.08,52.1,87.2,87.3,6.2,3,Low,Yes,Graduate,38.5,Fail
STU10262,Male,74.8,4.33,67.5,73.5,63.5,9.0,5,Low,Yes,Graduate,38.2,Fail
STU10263,Male,80.8,3.2,67.0,68.6,53.8,5.6,3,Medium,Yes,Graduate,32.0,Fail
STU10264,Male,71.3,1.77,65.3,92.1,67.8,7.3,5,Low,No,Graduate,31.0,Fail
STU10265,Male,83.7,2.5,56.2,44.5,93.5,5.5,4,High,Yes,School,29.6,Fail
STU10266,Male,90.2,1.48,74.1,91.1,53.9,6.9,1,Medium,Yes,Postgraduate,35.3,Fail
STU10267,Male,79.9,4.15,63.6,58.8,77.5,6.4,1,Low,Yes,Postgraduate,30.1,Fail
STU10268,Other,82.2,0.77,83.5,75.2,84.1,7.1,3,Medium,Yes,Graduate,43.9,Average
STU10269,Male,78.6,8.36,65.5,63.2,38.2,7.4,3,Low,Yes,School,30.5,Fail
STU10270,Male,78.0,7.28,54.5,58.2,74.3,5.9,5,Medium,Yes,Graduate,36.9,Fail
STU10271,Female,69.3,4.4,44.4,91.7,76.8,7.0,7,Medium,No,School,36.7,Fail
STU10272,Female,81.8,5.89,65.6,99.8,65.5,8.5,0,Medium,Yes,Postgraduate,47.0,Average
STU10273,Male,76.8,5.63,50.2,68.7,60.6,5.6,3,Medium,No,School,24.3,Fail
STU10274,Male,100.0,3.6,49.1,77.0,61.3,6.1,1,Medium,Yes,School,31.5,Fail
STU10275,Female,96.9,2.83,75.4,72.9,64.7,7.9,0,Low,Yes,School,39.7,Fail
STU10276,Male,82.6,2.59,43.1,98.0,65.1,7.1,5,High,No,Graduate,33.7,Fail
STU10277,Male,68.8,8.55,87.8,40.3,62.6,7.2,8,Low,Yes,Graduate,36.1,Fail
STU10278,Other,64.7,1.71,70.2,77.7,64.5,8.1,7,High,Yes,Graduate,41.7,Average
STU10279,Male,92.3,1.74,67.4,61.1,84.5,6.1,0,Medium,Yes,Graduate,40.3,Average
STU10280,Male,81.2,6.23,53.5,36.7,53.2,6.4,0,Low,Yes,Postgraduate,31.9,Fail
STU10281,Male,83.8,5.85,78.7,66.6,46.3,6.3,4,Medium,Yes,Graduate,37.0,Fail
STU10282,Female,57.1,2.71,68.0,99.7,84.7,6.6,12,High,Yes,School,37.1,Fail
STU10283,Male,89.1,4.72,58.4,62.2,66.5,8.5,5,High,Yes,Graduate,35.4,Fail
STU10284,Male,83.5,5.15,70.8,83.9,64.0,5.1,3,Medium,Yes,Graduate,36.5,Fail
STU10285,Male,64.7,1.06,44.4,90.0,67.6,5.7,5,Medium,Yes,Graduate,28.3,Fail
STU10286,Male,72.3,7.58,45.1,71.8,71.7,5.5,7,Medium,Yes,Graduate,31.2,Fail
STU10287,Male,81.2,5.15,52.3,73.8,62.2,8.5,4,Low,Yes,Graduate,34.6,Fail
STU10288,Male,78.6,4.45,72.9,46.3,75.6,6.3,5,Medium,Yes,School,37.2,Fail
STU10289,Male,74.5,5.17,68.0,61.3,56.5,6.6,6,Low,Yes,Graduate,30.3,Fail
STU10290,Male,76.8,4.09,82.7,85.6,65.1,5.2,5,High,Yes,Graduate,39.3,Fail
STU10291,Female,75.0,3.07,55.1,72.9,40.2,6.7,7,Medium,Yes,Graduate,20.5,Fail
STU10292,Female,79.8,3.63,76.0,77.5,84.2,8.0,6,Medium,Yes,School,46.0,Average
STU10293,Male,95.7,0.97,66.4,74.0,66.7,7.3,0,Medium,Yes,School,34.0,Fail
STU10294,Male,47.2,10.74,54.8,100.0,77.7,6.9,9,Low,Yes,School,37.2,Fail
STU10295,Female,75.2,3.03,73.4,65.5,75.2,5.3,1,Low,Yes,Graduate,35.5,Fail
STU10296,Female,80.1,10.62,67.1,96.1,76.1,6.6,3,Low,No,School,49.1,Average
STU10297,Male,81.6,3.67,59.2,74.0,68.9,7.2,2,Low,Yes,Graduate,39.2,Fail
STU10298,Male,73.5,2.06,68.6,97.4,74.0,5.9,6,Low,Yes,School,31.8,Fail
STU10299,Male,56.9,7.44,66.2,53.6,56.5,7.7,8,Medium,Yes,Graduate,37.0,Fail
STU10300,Male,81.9,4.33,65.8,74.8,53.8,8.0,3,Medium,Yes,Graduate,35.3,Fail
STU10301,Male,98.7,12.0,62.2,66.1,67.7,6.4,1,Medium,Yes,Graduate,52.9,Average
STU10302,Male,59.6,2.02,49.7,74.1,60.2,7.8,9,High,Yes,Graduate,21.0,Fail
STU10303,Female,88.4,7.65,69.0,90.3,87.5,6.9,2,High,Yes,Graduate,63.6,Good
STU10304,Male,74.1,7.91,56.8,77.7,73.9,8.3,8,Low,Yes,Graduate,36.0,Fail
STU10305,Male,77.3,5.44,53.7,90.3,59.7,9.2,6,Medium,Yes,Graduate,36.3,Fail
STU10306,Male,65.4,7.95,64.6,61.9,65.5,5.8,6,High,Yes,Graduate,35.4,Fail
STU10307,Female,74.0,3.08,78.3,59.7,70.7,7.8,5,Low,Yes,School,30.7,Fail
STU10308,Male,93.6,1.71,70.6,72.2,68.1,8.4,2,Medium,No,Graduate,39.6,Fail
STU10309,Female,85.0,2.21,60.6,71.4,72.5,5.9,3,High,Yes,Postgraduate,40.7,Average
STU10310,Female,98.8,3.49,60.0,69.2,69.9,6.4,0,Medium,Yes,School,37.8,Fail
STU10311,Male,92.1,5.63,76.9,57.6,50.9,6.4,3,High,Yes,School,37.5,Fail
STU10312,Male,83.3,1.81,34.4,90.0,41.0,6.9,5,High,Yes,Graduate,21.0,Fail
STU10313,Female,98.9,2.6,79.2,66.6,64.1,6.6,2,Low,Yes,Graduate,35.7,Fail
STU10314,Female,83.3,1.93,41.8,93.4,76.3,6.8,6,Medium,Yes,Postgraduate,32.3,Fail
STU10315,Male,87.9,6.3,48.2,72.2,64.3,7.9,6,High,Yes,School,34.1,Fail
STU10316,Female,74.4,10.57,60.8,81.7,85.1,4.9,8,Low,Yes,Postgraduate,48.9,Average
STU10317,Male,78.8,1.47,98.0,80.4,68.4,5.9,5,Low,Yes,Graduate,33.9,Fail
STU10318,Male,69.6,4.88,91.5,59.6,86.6,7.7,6,Low,Yes,Graduate,49.2,Average
STU10319,Male,89.9,6.82,77.9,77.5,84.0,7.6,0,Medium,Yes,Graduate,52.5,Average
STU10320,Female,63.9,2.89,73.0,100.0,82.7,5.8,7,Medium,Yes,School,37.1,Fail
STU10321,Female,87.4,1.02,41.9,75.8,53.4,7.6,3,High,Yes,School,18.7,Fail
STU10322,Female,75.7,7.4,70.2,85.5,69.2,8.5,5,Low,Yes,Graduate,46.5,Average
STU10323,Female,92.1,0.96,60.3,82.4,84.9,6.9,0,Medium,Yes,School,33.3,Fail
STU10324,Male,87.0,8.82,56.6,76.6,72.5,5.9,2,Low,Yes,School,42.1,Average
STU10325,Female,99.8,1.89,70.2,74.8,76.2,8.0,1,High,Yes,School,43.0,Average
STU10326,Male,86.8,0.83,61.4,80.2,51.0,8.9,1,Medium,Yes,Postgraduate,32.9,Fail
STU10327,Female,59.1,2.35,80.2,83.4,93.9,6.0,8,Medium,Yes,School,25.2,Fail
STU10328,Male,77.2,3.29,40.9,51.7,58.7,7.0,5,Low,Yes,Graduate,30.3,Fail
STU10329,Male,63.9,3.81,69.1,75.7,43.1,8.2,9,Low,Yes,Graduate,20.5,Fail
STU10330,Female,71.8,5.15,55.7,69.2,64.4,7.1,8,Low,Yes,Postgraduate,30.4,Fail
STU10331,Male,96.1,4.05,62.3,66.1,37.2,5.1,0,High,Yes,Graduate,28.1,Fail
STU10332,Male,85.7,10.03,72.3,91.4,54.9,7.5,3,Low,Yes,Graduate,53.7,Average
STU10333,Female,69.6,3.18,52.4,61.0,100.0,5.9,6,High,Yes,School,27.9,Fail
STU10334,Female,65.8,4.2,70.3,51.1,64.1,5.6,8,Low,Yes,School,18.8,Fail
STU10335,Male,78.4,3.96,65.0,83.9,50.4,5.1,5,Medium,Yes,School,32.5,Fail
STU10336,Male,63.4,0.73,58.8,50.7,69.3,8.3,9,Low,Yes,Graduate,12.6,Fail
STU10337,Female,69.9,1.24,61.4,43.1,57.3,6.1,3,Low,Yes,Graduate,17.0,Fail
STU10338,Male,81.7,3.5,65.8,85.6,80.2,7.4,4,Medium,Yes,Graduate,44.5,Average
STU10339,Male,91.9,4.56,57.3,74.4,57.4,7.6,2,Medium,Yes,Graduate,44.7,Average
STU10340,Female,85.3,0.5,68.1,79.1,72.5,7.2,3,Medium,Yes,Graduate,30.6,Fail
STU10341,Female,50.5,10.32,64.1,65.4,54.1,7.3,7,Medium,Yes,School,29.8,Fail
STU10342,Male,81.7,4.81,59.4,51.2,100.0,7.4,4,Low,Yes,Postgraduate,39.9,Fail
STU10343,Female,78.9,3.36,90.3,54.2,75.5,7.2,3,Medium,Yes,Postgraduate,32.0,Fail
STU10344,Male,83.0,4.66,73.8,67.9,67.1,6.2,6,Medium,Yes,School,41.8,Average
STU10345,Female,97.4,2.24,62.6,52.9,65.2,6.1,1,Low,Yes,Graduate,25.5,Fail
STU10346,Female,53.2,3.84,70.0,76.6,61.8,6.9,8,Medium,Yes,Postgraduate,28.0,Fail
STU10347,Male,70.9,4.27,53.6,65.1,59.1,6.9,3,Low,Yes,Postgraduate,29.3,Fail
STU10348,Male,85.1,7.46,61.9,74.8,58.8,7.5,4,Low,Yes,Graduate,38.8,Fail
STU10349,Female,59.0,2.98,63.5,74.3,90.8,8.2,9,Low,Yes,School,24.8,Fail
STU10350,Female,95.7,0.99,50.5,77.8,61.8,7.4,1,Medium,Yes,Postgraduate,41.9,Average
STU10351,Female,82.4,1.67,73.4,79.5,41.3,6.1,4,Low,Yes,Graduate,15.2,Fail
STU10352,Male,88.2,2.8,60.9,66.8,53.8,4.6,2,High,Yes,Graduate,24.0,Fail
STU10353,Male,71.1,1.09,63.0,74.8,81.1,6.2,7,Medium,Yes,School,24.5,Fail
STU10354,Male,87.8,1.52,60.0,75.5,65.7,5.5,4,Low,Yes,Postgraduate,24.8,Fail
STU10355,Male,90.8,1.68,98.0,35.6,67.3,6.2,0,Medium,Yes,Graduate,44.6,Average
STU10356,Male,80.8,2.66,58.7,81.7,84.2,7.3,2,Low,Yes,Graduate,28.6,Fail
STU10357,Male,80.8,4.77,39.0,74.2,58.9,7.1,7,Low,Yes,Graduate,32.6,Fail
STU10358,Female,81.2,2.57,45.6,80.5,77.2,9.0,5,High,Yes,Graduate,32.8,Fail
STU10359,Male,67.6,4.99,78.6,52.7,60.3,7.5,5,Medium,Yes,Graduate,27.3,Fail
STU10360,Female,76.2,3.36,86.7,67.3,76.5,9.1,2,Low,Yes,Graduate,32.5,Fail
STU10361,Male,76.2,1.56,58.5,55.6,63.9,7.8,5,High,Yes,Graduate,25.6,Fail
STU10362,Male,82.6,4.32,85.9,83.2,65.9,8.2,2,High,Yes,Postgraduate,45.1,Average
STU10363,Male,90.0,3.87,78.4,50.9,79.7,6.6,2,Medium,Yes,Graduate,41.9,Average
STU10364,Female,65.3,5.08,65.3,58.1,78.7,5.8,7,Medium,Yes,School,27.3,Fail
STU10365,Female,76.5,5.8,64.4,80.0,66.8,6.5,5,Medium,Yes,School,40.9,Average
STU10366,Male,95.8,7.61,70.5,62.6,62.9,7.0,3,Medium,Yes,Graduate,43.1,Average
STU10367,Female,69.1,4.88,80.3,58.1,89.8,6.3,9,Medium,Yes,School,33.5,Fail
STU10368,Male,68.1,3.78,73.6,85.6,76.7,5.9,6,High,Yes,Graduate,42.8,Average
STU10369,Male,80.4,5.1,58.5,86.2,63.9,7.5,2,Medium,Yes,Graduate,40.7,Average
STU10370,Female,88.1,2.38,65.6,82.8,60.5,5.9,3,Low,Yes,Graduate,36.7,Fail
STU10371,Male,78.1,2.25,95.7,84.7,82.3,5.3,7,Low,Yes,School,44.6,Average
STU10372,Female,93.9,8.28,71.5,68.5,70.5,5.8,1,Medium,Yes,Graduate,45.8,Average
STU10373,Female,88.3,2.19,80.2,68.9,66.9,6.7,4,Low,No,School,32.7,Fail
STU10374,Female,88.1,1.72,75.6,62.3,70.5,5.9,1,Low,Yes,Graduate,38.4,Fail
STU10375,Male,84.6,4.88,71.8,74.5,73.4,6.7,3,Medium,Yes,School,27.9,Fail
STU10376,Male,100.0,2.4,69.5,64.1,68.3,7.7,0,High,Yes,Postgraduate,41.4,Average
STU10377,Female,75.5,5.76,80.6,65.5,84.6,7.6,5,Low,Yes,Graduate,41.4,Average
STU10378,Male,54.0,7.25,78.1,81.0,85.4,6.3,9,Low,Yes,Graduate,40.8,Average
STU10379,Male,97.3,1.92,71.7,89.8,75.9,5.6,1,High,Yes,Postgraduate,40.2,Average
STU10380,Female,72.5,5.28,58.3,78.0,86.9,6.4,8,Medium,Yes,Postgraduate,42.7,Average
STU10381,Female,79.3,2.15,73.4,98.9,69.1,7.7,4,Medium,Yes,Postgraduate,38.6,Fail
STU10382,Male,93.7,2.85,67.1,61.4,78.0,8.0,0,Medium,Yes,School,37.0,Fail
STU10383,Female,58.8,4.19,63.7,44.4,82.1,7.4,8,Medium,Yes,School,22.7,Fail
STU10384,Male,63.0,2.25,98.0,82.7,82.2,8.3,8,Low,Yes,Graduate,47.3,Average
STU10385,Female,58.8,3.93,46.5,60.4,80.9,8.9,9,Medium,Yes,Graduate,15.9,Fail
STU10386,Female,68.5,3.02,81.4,67.9,77.2,6.5,6,Medium,Yes,Graduate,45.1,Average
STU10387,Male,83.3,5.84,55.9,45.5,94.4,8.6,6,Low,Yes,Graduate,43.4,Average
STU10388,Male,84.3,5.85,69.8,58.5,62.0,6.7,3,Low,Yes,School,31.0,Fail
STU10389,Male,81.3,2.26,98.0,49.5,67.0,8.1,4,Medium,No,School,41.7,Average
STU10390,Male,61.0,4.25,54.5,65.5,66.2,7.8,7,Medium,Yes,Graduate,28.1,Fail
STU10391,Female,50.3,6.44,57.9,66.1,64.2,4.8,7,Medium,Yes,Graduate,34.3,Fail
STU10392,Male,78.7,1.5,67.8,73.3,43.1,5.9,5,Medium,Yes,Postgraduate,31.7,Fail
STU10393,Female,72.3,3.01,56.1,90.6,86.9,5.7,6,Medium,Yes,Graduate,45.7,Average
STU10394,Male,83.5,4.13,80.4,82.2,55.7,5.0,2,Low,Yes,School,27.8,Fail
STU10395,Male,86.4,1.45,60.5,47.7,71.2,8.0,3,High,Yes,School,29.6,Fail
STU10396,Female,79.7,2.47,77.2,81.1,50.5,9.3,4,High,Yes,Graduate,29.7,Fail
STU10397,Female,87.1,9.37,49.4,73.7,77.1,6.7,2,Low,Yes,Graduate,39.7,Fail
STU10398,Male,80.8,2.19,42.7,70.5,58.8,7.9,3,Medium,Yes,Graduate,38.0,Fail
STU10399,Male,84.4,2.38,64.8,71.7,54.2,8.6,4,Low,Yes,Graduate,33.7,Fail
STU10400,Male,69.5,4.84,46.0,75.1,71.5,7.2,6,High,No,Postgraduate,35.2,Fail
STU10401,Female,75.8,1.3,89.3,61.6,59.9,7.0,4,Medium,Yes,Graduate,36.9,Fail
STU10402,Female,80.4,3.06,46.6,69.3,61.5,6.7,3,Medium,Yes,School,28.4,Fail
STU10403,Female,87.8,1.73,53.5,89.8,71.2,7.6,2,High,Yes,Graduate,34.4,Fail
STU10404,Female,73.3,3.93,73.8,61.4,79.4,8.0,7,Medium,Yes,School,31.3,Fail
STU10405,Female,84.3,0.5,59.8,56.6,58.4,7.5,3,Low,Yes,School,19.8,Fail
STU10406,Female,74.8,3.56,46.7,71.1,56.1,7.5,5,Medium,Yes,Graduate,12.9,Fail
STU10407,Female,76.6,4.21,96.6,55.0,69.3,6.9,5,Medium,No,Graduate,39.1,Fail
STU10408,Male,88.0,2.52,54.0,46.2,76.0,5.2,4,Low,Yes,School,24.3,Fail
STU10409,Male,54.1,2.64,65.3,66.8,88.0,8.0,10,Medium,Yes,Graduate,26.5,Fail
STU10410,Female,62.4,2.29,65.1,93.7,55.1,5.6,8,Medium,Yes,Graduate,26.5,Fail
STU10411,Female,60.2,3.03,77.9,71.4,64.9,7.7,9,Medium,No,School,30.7,Fail
STU10412,Female,50.0,8.35,74.5,74.7,84.3,7.8,10,High,Yes,Graduate,45.7,Average
STU10413,Male,69.9,5.96,56.4,40.0,94.7,5.7,6,Medium,No,School,22.3,Fail
STU10414,Female,87.0,3.03,63.4,78.6,56.1,6.3,2,Medium,Yes,Graduate,30.6,Fail
STU10415,Male,74.6,2.47,64.8,73.4,59.4,9.3,3,Medium,Yes,Graduate,38.3,Fail
STU10416,Male,80.4,5.6,78.5,62.0,74.0,6.9,4,Low,Yes,Graduate,42.5,Average
STU10417,Male,91.1,3.75,51.6,74.7,61.5,5.7,2,Low,Yes,Graduate,37.4,Fail
STU10418,Female,93.9,1.41,96.3,74.6,59.1,7.9,1,High,Yes,Graduate,51.9,Average
STU10419,Male,77.2,2.78,57.4,56.1,72.2,6.2,6,Medium,Yes,School,37.3,Fail
STU10420,Female,94.2,7.79,67.9,77.0,89.1,4.9,0,Medium,Yes,Graduate,48.9,Average
STU10421,Female,79.1,4.71,51.8,90.0,52.0,7.6,2,Low,No,School,37.8,Fail
STU10422,Male,68.0,2.49,49.8,68.6,88.5,6.0,5,Low,Yes,School,20.4,Fail
STU10423,Male,70.9,0.92,55.8,59.0,61.5,7.4,4,Low,Yes,Graduate,33.7,Fail
STU10424,Female,60.2,3.91,54.4,69.3,73.5,6.1,8,Medium,Yes,School,26.7,Fail
STU10425,Female,67.3,3.38,62.2,84.8,89.7,7.8,5,Medium,Yes,Graduate,41.6,Average
STU10426,Female,73.7,2.96,54.3,53.6,73.2,7.2,7,Low,Yes,Graduate,29.2,Fail
STU10427,Male,87.6,5.64,77.7,80.7,65.1,4.2,4,Medium,Yes,Graduate,34.2,Fail
STU10428,Female,98.6,4.75,57.0,61.8,78.3,7.4,0,High,Yes,Postgraduate,37.7,Fail
STU10429,Female,61.4,0.95,55.5,75.6,66.7,6.7,7,High,Yes,Graduate,24.4,Fail
STU10430,Male,82.7,3.39,62.5,63.5,75.8,8.6,4,High,Yes,Postgraduate,39.9,Fail
STU10431,Female,65.5,1.18,81.9,63.5,66.3,7.4,8,Medium,Yes,Graduate,40.2,Average
STU10432,Male,83.7,2.32,71.0,94.8,80.2,7.8,0,Medium,No,Graduate,39.6,Fail
STU10433,Female,76.4,1.11,66.6,50.9,50.9,6.2,5,Medium,Yes,Graduate,30.2,Fail
STU10434,Male,56.0,1.14,47.9,79.3,55.8,6.1,5,Low,Yes,Postgraduate,17.3,Fail
STU10435,Male,89.1,4.24,52.0,98.0,50.7,7.0,1,High,Yes,Graduate,36.6,Fail
STU10436,Male,70.7,3.96,50.1,82.3,68.3,6.6,7,Medium,Yes,Postgraduate,29.7,Fail
STU10437,Male,71.6,3.21,86.3,52.0,49.1,8.5,10,Medium,Yes,Graduate,28.2,Fail
STU10438,Male,65.2,2.17,75.4,52.8,60.0,6.8,7,Low,Yes,Postgraduate,27.6,Fail
STU10439,Male,70.1,1.03,55.9,60.7,54.6,5.7,4,Low,Yes,Graduate,16.8,Fail
STU10440,Male,83.1,2.32,60.1,74.4,88.2,6.1,3,High,Yes,School,28.2,Fail
STU10441,Male,75.7,3.97,56.4,75.4,56.1,8.1,5,Low,Yes,School,26.5,Fail
STU10442,Male,81.9,3.91,55.6,52.9,52.3,6.8,3,Low,No,Graduate,26.2,Fail
STU10443,Male,82.3,7.69,74.4,58.9,72.2,6.8,2,Medium,Yes,School,35.4,Fail
STU10444,Female,93.8,7.0,64.0,59.8,90.9,8.2,1,Medium,Yes,School,49.7,Average
STU10445,Male,73.9,3.31,97.1,69.3,67.5,6.0,6,Low,Yes,Graduate,43.6,Average
STU10446,Female,60.3,2.31,85.5,100.0,68.5,4.5,8,Low,Yes,Graduate,40.5,Average
STU10447,Male,90.8,1.77,86.3,58.0,85.8,6.1,1,Medium,Yes,School,42.2,Average
STU10448,Male,74.0,0.89,77.4,57.3,80.4,7.3,4,High,Yes,Graduate,25.2,Fail
STU10449,Female,91.4,1.3,62.1,55.0,74.5,6.7,1,Medium,Yes,Graduate,36.1,Fail
STU10450,Female,82.6,3.98,76.4,81.5,61.4,5.3,2,Medium,Yes,Graduate,44.1,Average
STU10451,Female,76.4,4.97,63.1,71.4,74.9,8.1,4,Low,Yes,Graduate,33.4,Fail
STU10452,Male,82.2,2.67,90.8,58.6,51.3,7.2,5,Medium,Yes,School,33.2,Fail
STU10453,Male,100.0,12.0,73.7,66.6,60.9,7.4,0,Medium,Yes,Postgraduate,58.5,Good
STU10454,Male,100.0,1.31,71.7,60.1,87.6,7.5,0,High,Yes,Postgraduate,52.6,Average
STU10455,Male,78.8,0.81,69.8,76.4,85.9,5.6,6,Medium,Yes,Graduate,32.2,Fail
STU10456,Female,79.9,12.0,92.4,100.0,74.7,7.3,5,Low,Yes,School,62.8,Good
STU10457,Male,90.9,0.99,47.9,80.3,43.9,8.0,0,Low,Yes,Graduate,28.5,Fail
STU10458,Male,67.9,2.64,93.7,70.6,53.3,8.3,6,High,Yes,Postgraduate,39.2,Fail
STU10459,Male,82.0,1.89,65.4,62.0,60.2,7.8,2,Low,Yes,Postgraduate,37.7,Fail
STU10460,Male,77.7,4.18,48.3,51.8,66.8,7.6,5,Medium,Yes,Postgraduate,24.2,Fail
STU10461,Male,81.8,2.49,57.5,83.0,52.7,5.1,3,Medium,No,Postgraduate,29.8,Fail
STU10462,Male,68.0,4.98,44.9,82.2,65.8,7.0,6,Low,Yes,Graduate,27.9,Fail
STU10463,Female,58.9,5.72,77.2,65.0,92.0,5.9,8,Medium,Yes,School,28.6,Fail
STU10464,Female,53.1,0.88,53.5,90.2,74.2,8.4,7,Medium,Yes,School,31.7,Fail
STU10465,Male,64.6,1.72,70.4,72.3,71.8,8.2,9,High,Yes,School,33.1,Fail
STU10466,Male,72.5,5.27,83.9,83.6,55.8,6.0,6,Low,Yes,School,35.3,Fail
STU10467,Female,74.5,6.47,58.6,76.4,47.7,6.9,4,Low,Yes,School,28.6,Fail
STU10468,Male,100.0,3.68,64.2,69.3,53.0,7.3,0,Low,Yes,Graduate,36.3,Fail
STU10469,Female,91.3,4.39,49.8,57.7,47.2,8.0,3,Low,Yes,Graduate,31.0,Fail
STU10470,Female,66.5,8.0,62.6,69.8,70.0,5.2,7,Medium,Yes,School,33.3,Fail
STU10471,Male,82.2,2.52,98.0,84.6,74.0,4.6,6,Medium,Yes,Postgraduate,40.2,Average
STU10472,Female,73.1,3.66,78.9,64.4,56.5,7.0,10,Low,Yes,Postgraduate,27.0,Fail
STU10473,Male,74.6,7.0,64.3,78.6,70.9,4.2,5,High,Yes,School,35.9,Fail
STU10474,Male,80.2,7.28,59.4,55.8,88.1,7.2,3,Low,Yes,School,33.0,Fail
STU10475,Female,85.4,3.05,67.4,83.7,94.5,7.7,1,Medium,Yes,Graduate,47.9,Average
STU10476,Male,73.9,1.77,69.8,76.7,79.0,8.4,2,High,Yes,Postgraduate,36.3,Fail
STU10477,Male,90.8,3.02,62.1,54.0,66.7,6.3,4,Medium,No,Graduate,25.0,Fail
STU10478,Female,64.3,3.23,75.4,68.6,78.6,7.2,7,Low,Yes,School,46.8,Average
STU10479,Female,78.1,1.72,54.7,86.0,86.6,7.7,6,High,Yes,Graduate,45.2,Average
STU10480,Male,100.0,1.93,54.6,53.1,42.9,5.7,2,Medium,Yes,Postgraduate,26.5,Fail
STU10481,Female,80.7,7.29,73.2,55.9,88.3,8.0,2,Low,Yes,School,47.6,Average
STU10482,Male,95.2,4.53,51.6,71.0,61.9,7.3,0,Low,Yes,Graduate,40.4,Average
STU10483,Female,79.1,2.65,78.2,100.0,62.0,6.3,7,High,Yes,Graduate,38.6,Fail
STU10484,Male,85.0,1.38,67.8,61.9,64.4,7.2,3,Low,Yes,School,29.5,Fail
STU10485,Male,77.3,1.94,42.4,79.4,73.2,6.8,4,High,Yes,Postgraduate,28.3,Fail
STU10486,Female,76.0,0.75,69.5,75.9,54.6,7.9,3,Low,Yes,School,33.6,Fail
STU10487,Male,68.6,3.75,44.4,63.2,65.3,6.6,6,Low,Yes,Postgraduate,29.2,Fail
STU10488,Female,83.2,1.86,77.7,74.4,75.8,7.2,6,High,Yes,Graduate,46.1,Average
STU10489,Male,67.8,3.96,64.5,65.3,71.8,6.3,7,High,Yes,School,30.4,Fail
STU10490,Female,86.0,5.24,93.9,66.6,74.0,6.0,3,Low,Yes,Graduate,55.5,Good
STU10491,Male,91.0,4.0,83.0,47.1,64.8,7.2,4,Low,Yes,School,33.9,Fail
STU10492,Male,82.4,2.41,53.2,71.6,78.0,6.0,6,Medium,No,School,37.0,Fail
STU10493,Male,74.6,1.65,39.7,85.5,82.7,7.9,6,Medium,Yes,School,25.3,Fail
STU10494,Male,83.4,1.21,57.4,72.9,82.0,7.7,7,Medium,Yes,Postgraduate,26.4,Fail
STU10495,Female,74.3,6.84,50.9,88.4,74.6,6.2,5,Low,Yes,Postgraduate,47.1,Average
STU10496,Female,89.2,3.88,93.6,80.7,81.2,7.2,4,High,Yes,School,51.9,Average
STU10497,Female,56.0,2.52,67.9,71.1,80.3,6.2,8,Low,No,Graduate,27.9,Fail
STU10498,Male,74.0,4.79,81.1,62.6,100.0,5.2,7,Low,No,Postgraduate,36.9,Fail
STU10499,Male,54.1,6.15,64.0,64.7,84.8,6.3,9,Low,Yes,Graduate,26.1,Fail
STU10500,Male,60.1,1.89,65.5,49.9,67.8,6.9,9,Low,Yes,School,14.4,Fail
STU10501,Female,94.4,3.8,67.5,68.0,57.1,7.6,5,Medium,Yes,Graduate,36.8,Fail
STU10502,Female,88.7,3.85,83.5,74.2,65.6,7.2,4,Low,Yes,Graduate,39.8,Fail
STU10503,Male,69.4,7.79,72.4,97.7,64.7,8.0,7,Medium,Yes,School,33.7,Fail
STU10504,Male,60.0,2.49,53.2,79.9,75.6,5.9,7,Medium,Yes,Graduate,34.9,Fail
STU10505,Male,42.4,1.6,90.7,59.0,59.9,6.6,12,Low,Yes,Graduate,18.9,Fail
STU10506,Male,71.5,4.09,63.9,50.4,84.5,8.8,4,High,Yes,Graduate,42.5,Average
STU10507,Female,100.0,5.05,61.6,68.9,50.9,4.9,1,Medium,No,Graduate,30.6,Fail
STU10508,Male,83.2,3.59,28.4,84.2,47.8,6.5,5,Low,Yes,Graduate,21.3,Fail
STU10509,Female,71.3,8.13,76.9,68.7,67.2,5.8,5,Low,Yes,Graduate,44.2,Average
STU10510,Male,83.6,2.48,69.4,80.1,58.0,6.8,6,Medium,Yes,Graduate,37.6,Fail
STU10511,Male,59.3,3.65,69.4,69.3,52.6,6.5,10,Medium,Yes,School,21.7,Fail
STU10512,Male,74.4,0.95,62.4,82.8,60.7,7.7,5,Medium,No,Graduate,31.2,Fail
STU10513,Male,79.2,1.53,59.9,48.0,59.1,7.3,5,Medium,Yes,Graduate,27.5,Fail
STU10514,Female,77.0,1.9,62.8,96.1,69.1,5.6,4,Low,Yes,Graduate,31.6,Fail
STU10515,Female,87.5,2.8,74.5,55.3,60.9,6.4,2,High,Yes,Graduate,29.1,Fail
STU10516,Male,82.1,1.09,76.9,83.9,62.0,7.0,2,Low,Yes,Graduate,32.3,Fail
STU10517,Male,86.0,4.74,64.8,67.9,68.9,7.8,2,Low,Yes,Graduate,36.0,Fail
STU10518,Female,69.7,1.77,81.3,70.3,82.2,9.7,6,Medium,Yes,Graduate,39.8,Fail
STU10519,Female,88.8,11.51,66.9,68.4,88.1,7.8,0,Low,Yes,Graduate,62.6,Good
STU10520,Female,97.5,1.82,60.9,75.8,70.9,5.9,1,Medium,Yes,Graduate,41.0,Average
STU10521,Male,66.4,3.39,70.8,78.9,71.9,6.9,8,Low,Yes,Graduate,27.4,Fail
STU10522,Female,67.3,3.1,49.0,87.9,66.6,7.2,7,Medium,Yes,Postgraduate,38.9,Fail
STU10523,Male,94.0,1.42,71.3,93.1,75.3,6.4,0,Medium,Yes,Graduate,43.0,Average
STU10524,Male,75.7,2.8,46.4,77.0,74.1,7.5,4,Medium,Yes,School,32.4,Fail
STU10525,Female,94.8,2.78,53.6,97.7,86.2,4.5,0,Medium,Yes,Postgraduate,37.7,Fail
STU10526,Male,72.7,5.72,39.7,73.4,44.4,7.6,5,Low,Yes,School,19.8,Fail
STU10527,Male,95.5,4.19,65.5,88.2,66.0,6.5,3,High,No,Graduate,45.9,Average
STU10528,Male,79.6,4.7,90.5,78.4,73.4,6.9,0,Medium,Yes,Postgraduate,45.4,Average
STU10529,Male,81.1,5.64,66.4,63.8,68.7,8.6,3,Medium,Yes,School,38.8,Fail
STU10530,Female,96.8,4.75,77.0,74.7,56.8,5.6,2,Low,No,School,38.4,Fail
STU10531,Male,73.7,3.78,98.0,79.5,52.1,7.3,4,Low,Yes,School,33.3,Fail
STU10532,Male,66.7,1.89,73.7,71.5,79.5,7.9,5,Medium,Yes,Postgraduate,27.4,Fail
STU10533,Female,72.6,3.61,57.3,78.2,59.2,7.2,9,Medium,Yes,Graduate,32.7,Fail
STU10534,Male,83.4,1.62,59.2,85.0,46.2,5.2,4,High,Yes,Graduate,41.9,Average
STU10535,Male,59.2,2.96,68.0,71.6,80.1,8.5,10,High,Yes,School,32.7,Fail
STU10536,Male,85.6,2.69,59.1,27.8,75.0,6.8,4,Medium,Yes,School,27.9,Fail
STU10537,Male,71.5,2.82,60.2,97.2,67.5,6.4,6,Medium,Yes,School,27.5,Fail
STU10538,Male,91.8,1.1,81.8,67.5,57.1,6.7,4,Medium,Yes,Postgraduate,43.3,Average
STU10539,Female,49.3,0.5,82.4,59.7,67.5,6.6,13,Low,Yes,School,15.5,Fail
STU10540,Male,68.6,2.34,44.9,55.1,84.8,5.7,4,Medium,Yes,Postgraduate,31.3,Fail
STU10541,Female,57.8,6.5,56.5,67.0,48.0,7.2,8,Medium,Yes,Graduate,29.2,Fail
STU10542,Female,68.1,3.36,61.5,63.6,48.7,6.3,6,Low,Yes,Postgraduate,26.5,Fail
STU10543,Male,81.0,6.2,76.4,60.9,60.8,7.7,3,Low,Yes,Graduate,41.8,Average
STU10544,Male,75.8,1.63,84.0,61.8,68.7,7.6,6,Medium,Yes,Graduate,37.3,Fail
STU10545,Male,75.0,2.25,98.0,79.9,62.5,8.8,5,Medium,Yes,School,43.0,Average
STU10546,Male,76.1,11.94,61.5,100.0,77.4,6.8,8,Low,Yes,Graduate,53.5,Average
STU10547,Male,80.4,1.71,62.2,84.3,83.2,6.1,6,Low,Yes,Graduate,29.0,Fail
STU10548,Male,65.9,4.64,76.2,88.8,72.6,5.4,9,Low,Yes,School,31.3,Fail
STU10549,Male,86.5,4.63,58.4,66.3,76.3,9.4,1,High,Yes,Postgraduate,50.6,Average
STU10550,Male,86.0,4.3,66.0,73.6,72.5,7.7,2,High,Yes,School,40.7,Average
STU10551,Male,82.6,4.67,62.2,78.4,69.1,6.2,2,High,Yes,School,35.5,Fail
STU10552,Female,84.7,1.69,31.3,62.1,52.2,8.9,5,High,Yes,Graduate,26.1,Fail
STU10553,Male,81.6,2.42,69.7,65.6,55.6,8.5,2,Low,Yes,Graduate,36.8,Fail
STU10554,Female,100.0,0.5,65.4,84.8,51.4,5.5,0,Low,Yes,School,23.8,Fail
STU10555,Female,77.0,7.95,85.8,88.4,67.1,6.2,3,Medium,Yes,Postgraduate,54.4,Average
STU10556,Male,74.3,4.66,68.1,73.0,72.0,6.9,9,Medium,Yes,School,33.3,Fail
STU10557,Female,69.0,1.9,50.4,54.1,50.2,5.8,6,Medium,Yes,Graduate,20.7,Fail
STU10558,Male,65.6,1.64,64.4,67.6,69.9,6.9,8,Low,Yes,School,22.7,Fail
STU10559,Female,63.1,6.58,38.7,50.4,57.6,7.8,6,High,Yes,School,24.2,Fail
STU10560,Male,67.3,1.8,51.0,73.1,55.1,5.5,8,Low,Yes,Graduate,8.4,Fail
STU10561,Male,77.2,1.9,76.9,75.8,60.9,7.3,2,Medium,Yes,Postgraduate,33.0,Fail
STU10562,Male,82.0,1.37,64.5,67.9,54.4,8.3,2,High,Yes,Graduate,35.7,Fail
STU10563,Female,78.6,5.24,80.9,75.6,76.9,7.4,3,Medium,Yes,School,57.0,Good
STU10564,Female,68.8,6.14,40.5,78.3,66.8,6.9,7,Medium,Yes,School,29.3,Fail
STU10565,Male,88.8,2.7,64.6,75.9,79.6,6.3,1,Medium,Yes,Postgraduate,37.0,Fail
STU10566,Male,86.9,6.17,61.3,54.0,63.2,7.9,5,Medium,Yes,School,34.7,Fail
STU10567,Male,76.1,4.06,81.4,68.2,63.7,5.7,6,High,Yes,Graduate,31.6,Fail
STU10568,Male,70.2,1.3,77.4,78.1,93.4,7.3,5,Medium,Yes,School,43.8,Average
STU10569,Male,84.6,7.59,77.0,95.7,47.9,7.0,5,Medium,Yes,School,43.8,Average
STU10570,Female,80.3,1.36,89.6,67.9,85.7,8.2,3,High,Yes,School,47.7,Average
STU10571,Female,60.6,2.85,62.8,80.3,90.5,6.4,7,Medium,Yes,School,30.8,Fail
STU10572,Female,77.2,2.71,86.7,85.2,79.0,6.5,6,Medium,Yes,Graduate,47.8,Average
STU10573,Male,81.1,2.37,53.4,69.1,64.7,5.6,0,Medium,Yes,Graduate,22.0,Fail
STU10574,Female,67.2,0.53,52.9,89.2,87.5,7.5,8,Low,Yes,Postgraduate,29.0,Fail
STU10575,Female,80.3,10.43,78.5,90.0,64.8,6.5,3,Medium,Yes,School,53.4,Average
STU10576,Male,60.5,0.61,46.9,92.7,59.8,6.1,7,High,Yes,Graduate,20.3,Fail
STU10577,Female,94.0,7.89,76.0,78.9,64.0,6.2,4,Low,Yes,Graduate,46.8,Average
STU10578,Male,93.0,1.6,69.4,100.0,61.6,7.6,1,Low,Yes,School,40.1,Average
STU10579,Male,75.0,2.04,83.0,62.8,56.7,5.8,6,Low,Yes,School,31.8,Fail
STU10580,Female,82.4,7.41,67.2,100.0,83.4,5.9,4,Medium,No,School,48.9,Average
STU10581,Male,49.1,4.35,68.8,83.5,58.9,8.0,11,Low,Yes,School,27.1,Fail
STU10582,Female,64.1,0.98,75.1,92.1,68.6,6.8,7,Medium,Yes,Graduate,37.2,Fail
STU10583,Female,74.5,0.96,58.7,67.2,50.2,8.1,5,Low,Yes,School,14.1,Fail
STU10584,Female,65.1,3.93,58.1,84.7,69.4,6.6,9,Low,Yes,Graduate,24.3,Fail
STU10585,Female,86.6,1.34,74.6,93.4,54.0,7.0,4,Low,No,Graduate,26.3,Fail
STU10586,Female,100.0,4.49,67.6,55.7,53.7,7.2,0,Low,Yes,Graduate,38.8,Fail
STU10587,Male,63.9,4.8,62.3,69.6,67.6,8.5,6,High,Yes,School,34.3,Fail
STU10588,Male,68.0,1.74,66.8,39.9,82.7,8.4,6,High,Yes,Graduate,35.8,Fail
STU10589,Female,80.8,2.13,90.3,69.3,74.7,8.3,5,Medium,Yes,Graduate,43.8,Average
STU10590,Male,97.3,4.02,61.8,59.8,75.6,6.3,2,High,No,Postgraduate,34.8,Fail
STU10591,Male,63.3,1.68,61.4,68.7,67.3,5.9,8,Low,No,School,19.1,Fail
STU10592,Other,81.0,3.36,44.1,100.0,64.6,7.8,1,High,Yes,School,25.9,Fail
STU10593,Male,99.9,12.0,67.4,97.8,79.3,8.5,1,Medium,Yes,Postgraduate,62.2,Good
STU10594,Female,58.2,4.15,77.2,50.4,61.7,8.3,10,Medium,Yes,School,14.6,Fail
STU10595,Male,62.6,2.39,79.7,80.3,79.8,7.0,8,Medium,Yes,School,35.6,Fail
STU10596,Male,72.9,11.09,69.5,84.0,85.1,7.8,8,Low,Yes,Postgraduate,48.5,Average
STU10597,Female,71.8,5.49,81.4,66.9,58.1,7.8,4,Low,Yes,Graduate,36.8,Fail
STU10598,Male,87.8,1.37,78.2,74.7,60.0,7.2,3,Low,Yes,Graduate,30.0,Fail
STU10599,Female,80.9,1.59,83.6,76.1,61.9,7.2,2,Medium,Yes,School,33.5,Fail
STU10600,Male,56.7,0.69,81.8,51.8,49.9,7.1,10,Medium,Yes,School,22.0,Fail
STU10601,Male,84.2,3.97,90.0,56.5,62.9,6.1,4,High,Yes,School,30.3,Fail
STU10602,Female,71.1,0.5,65.6,74.6,85.9,6.2,8,Low,Yes,Graduate,30.2,Fail
STU10603,Male,93.3,11.08,49.4,73.5,55.4,6.2,2,Medium,Yes,Graduate,39.0,Fail
STU10604,Male,70.5,2.61,77.3,61.4,86.2,5.2,5,Medium,Yes,Graduate,26.1,Fail
STU10605,Male,70.4,5.71,78.9,60.1,63.4,7.2,5,Low,Yes,Postgraduate,42.4,Average
STU10606,Female,84.5,2.44,90.0,70.7,96.5,7.0,3,Low,Yes,Postgraduate,53.0,Average
STU10607,Female,87.2,3.92,85.9,85.3,60.1,7.8,2,Medium,Yes,School,41.6,Average
STU10608,Male,83.4,2.87,95.2,70.9,67.1,8.4,5,Medium,Yes,Graduate,41.2,Average
STU10609,Male,57.8,3.29,76.7,96.3,57.2,8.5,10,Low,Yes,Graduate,30.9,Fail
STU10610,Other,84.5,6.89,71.2,61.6,60.1,8.6,1,Low,Yes,Graduate,37.3,Fail
STU10611,Female,65.6,9.08,48.6,74.9,86.4,6.2,7,Low,No,Postgraduate,32.2,Fail
STU10612,Male,80.8,8.63,72.3,66.7,75.2,5.4,4,High,Yes,Graduate,46.7,Average
STU10613,Female,60.9,12.0,60.3,80.8,82.4,8.0,7,High,Yes,Graduate,58.2,Good
STU10614,Male,83.4,1.83,71.0,60.3,51.9,8.5,4,Low,Yes,School,25.8,Fail
STU10615,Male,68.3,4.19,68.8,100.0,77.5,8.7,9,Medium,Yes,Graduate,46.1,Average
STU10616,Female,62.6,1.86,74.6,46.6,56.4,7.5,9,High,Yes,Graduate,25.0,Fail
STU10617,Female,86.6,6.71,66.6,97.7,51.6,4.8,5,Low,Yes,Graduate,29.5,Fail
STU10618,Male,80.9,1.42,81.1,73.3,72.1,7.4,3,Low,Yes,Graduate,36.7,Fail
STU10619,Female,70.6,6.97,29.9,80.3,72.0,7.6,6,Low,Yes,Graduate,28.0,Fail
STU10620,Male,95.4,3.67,70.7,92.0,69.7,8.4,0,Low,Yes,Graduate,53.3,Average
STU10621,Female,72.7,2.99,84.8,84.9,78.3,8.6,6,High,Yes,Postgraduate,52.6,Average
STU10622,Male,78.4,3.25,94.2,61.0,80.4,8.0,5,High,Yes,School,44.3,Average
STU10623,Female,81.2,1.22,78.2,81.0,88.1,6.4,5,Medium,Yes,Graduate,45.9,Average
STU10624,Male,70.6,1.31,91.6,100.0,53.5,5.9,8,Low,Yes,Graduate,33.0,Fail
STU10625,Male,83.7,3.72,70.4,58.7,88.5,7.6,4,High,No,Graduate,44.7,Average
STU10626,Female,71.6,3.7,68.0,100.0,93.5,6.1,4,Low,No,Graduate,40.9,Average
STU10627,Male,73.1,1.93,75.4,77.8,64.2,8.6,3,Low,Yes,Graduate,40.8,Average
STU10628,Male,94.4,2.59,68.0,65.5,47.3,5.1,2,Low,Yes,Graduate,34.9,Fail
STU10629,Female,65.5,4.43,57.0,58.6,51.0,7.6,9,High,Yes,School,25.8,Fail
STU10630,Male,49.0,1.67,60.8,68.7,63.0,7.4,10,Medium,Yes,Postgraduate,17.8,Fail
STU10631,Female,97.3,0.61,52.4,42.7,95.2,6.8,0,Medium,Yes,Graduate,30.7,Fail
STU10632,Male,100.0,8.14,75.4,65.8,69.2,6.0,3,Medium,Yes,School,49.4,Average
STU10633,Male,73.1,3.9,68.2,68.1,61.0,4.7,6,Low,Yes,School,30.0,Fail
STU10634,Male,54.8,2.21,63.0,55.9,60.1,6.4,9,Medium,Yes,School,18.6,Fail
STU10635,Male,74.3,1.86,60.1,83.2,51.8,6.4,3,High,No,School,24.6,Fail
STU10636,Male,74.6,1.66,75.1,68.7,80.4,8.2,5,High,No,School,35.0,Fail
STU10637,Male,75.7,6.69,78.9,62.5,67.8,6.1,6,Medium,Yes,School,36.0,Fail
STU10638,Male,64.6,1.04,52.2,67.1,96.3,7.5,8,Low,Yes,Postgraduate,25.4,Fail
STU10639,Male,85.0,4.18,50.0,77.3,77.2,5.6,2,High,Yes,Graduate,45.6,Average
STU10640,Female,84.3,4.18,81.4,73.1,79.8,7.5,3,Medium,Yes,Postgraduate,44.1,Average
STU10641,Male,60.1,5.31,48.7,61.5,65.9,4.5,7,Low,Yes,Graduate,23.2,Fail
STU10642,Male,86.4,2.37,75.7,73.9,54.8,9.3,5,Low,Yes,Graduate,36.2,Fail
STU10643,Male,100.0,7.7,90.6,71.2,57.6,6.8,1,Low,Yes,Postgraduate,44.9,Average
STU10644,Female,80.1,5.41,90.7,54.9,51.2,4.0,3,Medium,Yes,School,27.9,Fail
STU10645,Male,74.0,2.31,78.3,67.7,80.8,6.2,3,Medium,Yes,Graduate,37.1,Fail
STU10646,Female,76.3,1.79,77.9,80.7,64.0,6.0,5,Low,Yes,Postgraduate,23.7,Fail
STU10647,Male,85.4,2.88,98.0,80.6,81.4,6.3,2,Low,Yes,Postgraduate,57.2,Good
STU10648,Female,57.2,2.25,35.3,68.6,70.8,6.6,8,Medium,Yes,Graduate,15.9,Fail
STU10649,Male,80.0,1.56,61.5,82.2,65.2,6.3,2,Medium,Yes,Postgraduate,31.7,Fail
STU10650,Male,73.3,3.35,79.9,57.3,53.8,6.1,4,Low,Yes,Graduate,35.5,Fail
STU10651,Male,100.0,2.6,63.3,57.8,72.9,5.7,0,Low,Yes,School,31.9,Fail
STU10652,Female,75.9,8.88,85.4,68.2,66.2,7.9,4,High,Yes,School,50.5,Average
STU10653,Male,98.0,2.25,67.4,94.5,80.7,8.3,4,High,Yes,Graduate,43.0,Average
STU10654,Female,64.8,1.77,69.8,74.4,59.7,6.7,8,Medium,No,School,23.9,Fail
STU10655,Male,85.0,3.2,64.2,67.9,77.0,7.0,1,Medium,Yes,School,41.4,Average
STU10656,Female,81.8,3.82,60.7,95.2,90.3,5.8,1,High,Yes,School,38.3,Fail
STU10657,Female,67.6,4.02,60.3,67.7,72.5,7.1,7,Low,Yes,Postgraduate,32.4,Fail
STU10658,Male,80.1,3.99,71.8,100.0,79.2,7.3,3,High,Yes,Postgraduate,35.5,Fail
STU10659,Female,92.6,3.28,57.2,64.3,76.4,6.8,3,Medium,No,Postgraduate,41.4,Average
STU10660,Female,74.1,3.11,81.3,56.8,93.7,7.4,6,Medium,Yes,Graduate,36.9,Fail
STU10661,Male,57.7,4.82,77.1,69.5,73.8,7.3,5,Medium,Yes,Postgraduate,37.7,Fail
STU10662,Male,77.8,1.44,83.4,68.3,78.1,5.8,3,Low,Yes,Graduate,34.9,Fail
STU10663,Male,67.2,1.78,52.2,59.9,68.5,8.3,6,Medium,Yes,Graduate,20.0,Fail
STU10664,Female,73.9,0.81,44.2,100.0,58.9,6.8,6,Medium,Yes,Graduate,20.5,Fail
STU10665,Male,77.0,1.46,67.9,76.8,53.3,8.8,3,Low,No,School,30.4,Fail
STU10666,Female,57.5,6.27,98.0,79.0,85.5,7.5,9,Medium,No,Graduate,48.1,Average
STU10667,Male,58.6,4.69,85.7,65.1,55.9,9.2,6,High,Yes,Graduate,32.7,Fail
STU10668,Female,83.8,9.64,60.2,63.3,78.7,8.3,3,High,Yes,Postgraduate,51.0,Average
STU10669,Female,71.7,8.21,73.9,87.4,74.4,7.2,6,Medium,Yes,School,47.5,Average
STU10670,Male,47.2,4.71,78.2,46.9,80.9,6.2,13,Low,Yes,School,20.4,Fail
STU10671,Female,87.4,3.54,48.8,54.9,62.3,6.2,3,Low,Yes,Graduate,19.1,Fail
STU10672,Female,81.3,3.24,87.2,68.3,58.7,7.6,3,Low,Yes,School,36.1,Fail
STU10673,Male,69.4,0.5,65.7,92.3,73.9,7.2,8,High,Yes,Postgraduate,34.6,Fail
STU10674,Male,62.2,2.99,66.7,66.4,65.2,6.4,7,Medium,Yes,Graduate,27.1,Fail
STU10675,Male,88.0,2.04,68.3,78.2,53.0,7.9,4,High,Yes,Graduate,32.1,Fail
STU10676,Male,82.2,1.52,84.0,72.4,94.2,7.0,3,Low,No,Graduate,42.7,Average
STU10677,Male,100.0,4.22,57.4,91.4,58.7,7.9,0,High,Yes,Graduate,50.0,Average
STU10678,Male,83.0,2.73,44.1,48.2,56.1,5.9,2,High,Yes,School,16.9,Fail
STU10679,Male,82.7,3.38,72.5,83.0,65.9,8.1,4,Medium,Yes,Graduate,39.0,Fail
STU10680,Male,76.0,1.34,39.4,69.0,85.3,7.6,6,High,Yes,School,38.6,Fail
STU10681,Male,87.8,5.56,63.8,85.9,40.8,8.3,2,Medium,Yes,Graduate,40.8,Average
STU10682,Male,85.5,2.24,84.6,59.7,84.2,8.1,2,Low,No,Postgraduate,34.5,Fail
STU10683,Male,93.0,4.06,76.1,72.4,57.2,6.9,2,Low,No,School,32.9,Fail
STU10684,Male,71.7,2.39,82.6,70.5,72.4,6.8,4,Low,Yes,Graduate,31.5,Fail
STU10685,Male,72.8,0.5,76.7,57.0,60.2,9.0,3,Low,Yes,Graduate,31.1,Fail
STU10686,Female,72.3,4.33,98.0,52.8,94.9,6.7,6,Medium,Yes,Graduate,46.1,Average
STU10687,Female,87.5,2.87,59.8,63.3,70.6,7.8,2,Low,Yes,Graduate,30.1,Fail
STU10688,Female,96.0,0.76,73.6,73.9,59.8,6.6,1,Low,Yes,Graduate,43.7,Average
STU10689,Other,72.5,1.2,61.9,60.6,65.1,5.0,6,Low,No,Graduate,19.9,Fail
STU10690,Female,72.9,5.67,81.4,67.0,70.2,5.6,6,Medium,Yes,Graduate,36.2,Fail
STU10691,Female,81.8,0.8,67.1,43.7,71.3,7.4,3,High,Yes,School,21.3,Fail
STU10692,Male,75.1,2.2,92.1,66.4,74.7,7.8,3,Medium,Yes,Graduate,37.3,Fail
STU10693,Female,89.4,10.17,60.6,87.4,69.0,7.5,1,Medium,Yes,Graduate,45.2,Average
STU10694,Male,51.0,4.41,87.7,82.6,51.1,8.3,11,High,Yes,Graduate,32.8,Fail
STU10695,Female,68.1,5.16,76.3,70.7,64.6,7.4,7,Medium,Yes,Postgraduate,33.0,Fail
STU10696,Male,68.6,2.56,67.5,75.7,76.9,6.1,5,Medium,Yes,School,35.3,Fail
STU10697,Female,50.2,0.69,75.6,59.6,60.3,7.7,9,Medium,No,Graduate,17.8,Fail
STU10698,Male,66.4,3.62,71.7,96.4,77.7,7.2,8,High,Yes,Graduate,43.4,Average
STU10699,Female,67.0,1.27,73.0,100.0,69.4,6.4,6,Low,Yes,Graduate,35.4,Fail
STU10700,Other,75.6,1.17,65.1,74.5,66.2,7.5,6,Medium,Yes,Postgraduate,34.4,Fail
STU10701,Female,91.4,3.33,58.2,100.0,84.5,7.1,3,Medium,Yes,School,46.8,Average
STU10702,Male,75.1,1.35,63.3,61.8,46.4,6.3,5,Low,Yes,Graduate,30.9,Fail
STU10703,Male,65.6,3.06,44.4,53.2,60.2,6.8,8,Medium,Yes,Graduate,14.1,Fail
STU10704,Female,77.3,1.83,79.8,61.4,85.0,8.6,5,High,Yes,Graduate,43.7,Average
STU10705,Male,90.6,2.99,50.7,68.7,92.8,8.5,2,High,Yes,Graduate,42.3,Average
STU10706,Male,66.3,2.09,65.0,100.0,98.7,7.2,3,High,No,Graduate,46.9,Average
STU10707,Female,67.1,3.05,77.1,67.8,69.7,7.1,5,Medium,No,School,31.8,Fail
STU10708,Female,84.7,7.78,79.8,59.1,75.0,5.4,2,Medium,Yes,Graduate,51.2,Average
STU10709,Male,75.3,5.24,43.2,58.5,79.6,8.9,4,High,Yes,Graduate,27.1,Fail
STU10710,Male,85.8,2.81,66.7,89.1,85.6,8.1,3,Low,Yes,Graduate,37.2,Fail
STU10711,Female,77.8,7.0,74.4,87.0,73.1,7.8,5,Low,Yes,School,40.3,Average
STU10712,Female,86.4,4.1,68.7,64.7,81.0,4.5,3,Medium,Yes,Postgraduate,37.9,Fail
STU10713,Female,65.6,6.69,86.8,43.9,75.0,7.0,6,Medium,Yes,Graduate,39.0,Fail
STU10714,Female,77.9,0.88,56.5,55.1,75.8,6.9,5,Medium,Yes,School,20.6,Fail
STU10715,Male,75.5,1.37,39.3,97.8,57.1,7.8,8,High,Yes,School,18.4,Fail
STU10716,Female,63.4,3.59,79.3,82.3,64.7,6.5,7,Low,Yes,Graduate,29.7,Fail
STU10717,Female,59.2,2.75,60.5,73.0,62.2,6.7,7,High,No,Postgraduate,17.2,Fail
STU10718,Male,86.2,3.05,43.4,100.0,53.5,7.7,2,Medium,Yes,Graduate,32.4,Fail
STU10719,Male,73.8,4.57,65.8,100.0,47.5,6.1,5,High,Yes,Postgraduate,36.4,Fail
STU10720,Female,65.7,3.61,85.2,71.5,63.5,6.4,6,Low,Yes,Graduate,35.6,Fail
STU10721,Male,76.8,5.58,50.3,71.7,65.6,7.2,2,Medium,Yes,Graduate,35.6,Fail
STU10722,Female,91.5,5.48,98.0,63.3,70.4,8.5,0,Medium,Yes,Graduate,61.8,Good
STU10723,Male,50.6,1.42,56.3,67.7,76.2,7.9,11,Medium,Yes,School,23.9,Fail
STU10724,Male,60.0,0.5,69.2,49.7,71.4,8.2,10,Low,Yes,School,22.2,Fail
STU10725,Female,66.9,1.34,50.9,49.6,65.7,7.1,9,Low,Yes,Graduate,17.7,Fail
STU10726,Male,95.5,1.27,68.6,46.2,57.1,8.6,1,Low,No,School,30.0,Fail
STU10727,Male,81.4,3.22,66.1,88.3,80.4,5.1,2,Medium,Yes,School,36.8,Fail
STU10728,Male,87.2,3.19,47.1,48.6,67.7,9.2,2,Medium,Yes,School,29.4,Fail
STU10729,Other,64.3,2.63,98.0,100.0,63.4,9.4,5,Medium,Yes,School,54.4,Average
STU10730,Female,64.6,4.21,61.1,61.0,66.6,7.5,5,Medium,Yes,School,28.0,Fail
STU10731,Male,83.4,12.0,61.1,98.1,59.5,7.9,4,Low,Yes,School,41.5,Average
STU10732,Female,78.7,2.59,81.6,66.5,62.1,7.0,5,Low,Yes,Postgraduate,37.8,Fail
STU10733,Female,84.6,3.69,93.4,48.5,61.7,6.8,6,Medium,Yes,Graduate,41.6,Average
STU10734,Male,75.7,3.05,83.8,91.3,65.3,6.3,5,Medium,No,Graduate,39.7,Fail
STU10735,Male,81.3,1.95,51.2,93.0,77.5,6.9,2,Medium,Yes,School,24.9,Fail
STU10736,Female,79.9,4.6,71.0,58.4,74.3,7.6,4,Medium,Yes,School,42.7,Average
STU10737,Male,87.3,2.5,41.7,67.0,89.1,7.5,2,High,Yes,Postgraduate,36.2,Fail
STU10738,Male,87.7,1.63,80.6,58.4,84.8,9.2,2,High,Yes,Graduate,41.8,Average
STU10739,Male,58.6,1.73,45.1,70.2,94.4,7.1,9,Medium,Yes,Postgraduate,31.8,Fail
STU10740,Female,51.0,5.71,56.8,73.6,76.3,5.4,8,Low,Yes,Graduate,16.3,Fail
STU10741,Male,90.0,4.52,68.0,66.7,76.1,8.8,2,Low,Yes,Graduate,42.1,Average
STU10742,Male,92.3,2.12,74.2,44.7,62.7,5.7,3,Medium,No,Graduate,26.7,Fail
STU10743,Male,65.8,4.17,64.3,63.3,79.7,6.4,9,Medium,Yes,School,35.9,Fail
STU10744,Other,55.7,3.08,89.3,82.6,60.5,7.3,9,Low,Yes,Postgraduate,34.7,Fail
STU10745,Male,79.2,3.74,78.1,68.9,49.9,7.5,6,Low,Yes,School,26.0,Fail
STU10746,Male,89.2,1.91,77.0,67.1,88.8,5.4,2,High,Yes,Graduate,46.6,Average
STU10747,Male,99.6,1.31,50.8,58.0,52.8,6.2,0,Low,Yes,School,11.3,Fail
STU10748,Male,84.2,2.49,91.8,62.8,74.7,5.4,5,Medium,Yes,Graduate,41.5,Average
STU10749,Female,73.5,1.5,56.8,93.1,57.6,7.7,3,High,Yes,Graduate,26.0,Fail
STU10750,Male,67.3,1.41,92.3,54.9,83.6,8.3,6,Medium,Yes,Graduate,35.3,Fail
STU10751,Female,78.1,0.93,96.3,82.8,85.4,5.7,6,Low,Yes,Postgraduate,40.0,Fail
STU10752,Male,74.4,0.5,75.2,72.7,75.9,8.1,5,High,Yes,School,38.0,Fail
STU10753,Female,65.8,2.15,82.4,75.7,85.2,8.0,6,Medium,Yes,Postgraduate,51.5,Average
STU10754,Female,100.0,6.42,25.0,61.0,69.1,6.3,0,Low,No,Graduate,19.7,Fail
STU10755,Male,99.4,5.41,65.3,66.7,98.0,4.8,0,Medium,Yes,Postgraduate,50.0,Average
STU10756,Female,91.6,8.54,83.4,71.9,78.7,5.8,3,Low,No,Graduate,59.1,Good
STU10757,Female,66.9,1.36,80.9,64.2,57.3,6.3,8,Medium,Yes,Graduate,24.2,Fail
STU10758,Female,88.3,4.8,50.9,77.0,69.9,8.7,2,High,Yes,Graduate,36.7,Fail
STU10759,Female,85.7,2.8,63.9,78.9,67.0,6.9,5,Medium,Yes,Postgraduate,37.2,Fail
STU10760,Female,83.3,1.73,32.5,100.0,65.7,5.9,4,High,No,Postgraduate,31.3,Fail
STU10761,Male,93.0,5.95,73.8,76.2,47.5,7.2,3,Medium,Yes,Graduate,44.6,Average
STU10762,Male,85.6,2.82,41.6,43.3,74.0,5.6,1,High,Yes,Graduate,23.6,Fail
STU10763,Female,86.9,0.61,83.8,89.4,51.0,7.6,5,Medium,Yes,Graduate,33.0,Fail
STU10764,Female,85.6,5.37,84.6,68.9,36.2,5.9,3,Low,Yes,School,39.8,Fail
STU10765,Male,82.1,3.97,61.4,100.0,64.5,6.1,0,High,Yes,School,35.9,Fail
STU10766,Female,56.6,3.35,75.3,94.1,59.2,7.4,11,High,Yes,Graduate,22.7,Fail
STU10767,Male,79.0,1.14,65.0,64.4,57.8,8.9,4,Medium,Yes,Graduate,23.0,Fail
STU10768,Male,71.3,3.63,71.4,82.8,28.7,9.4,5,Medium,Yes,Graduate,29.1,Fail
STU10769,Male,62.6,7.79,51.9,63.1,57.9,5.9,7,Low,Yes,Graduate,33.6,Fail
STU10770,Male,98.2,3.9,76.7,72.0,66.7,6.3,1,Low,Yes,School,33.5,Fail
STU10771,Female,98.7,0.81,45.0,82.1,60.8,7.6,0,Low,Yes,School,36.3,Fail
STU10772,Male,94.3,4.1,42.4,88.7,74.0,8.3,0,Medium,Yes,School,45.5,Average
STU10773,Female,81.1,3.92,66.3,85.4,87.1,4.6,3,Low,Yes,School,37.8,Fail
STU10774,Female,94.2,5.06,65.0,73.1,75.7,7.1,1,Low,Yes,Graduate,29.2,Fail
STU10775,Female,78.1,3.85,71.8,100.0,82.3,6.5,4,High,Yes,Graduate,39.1,Fail
STU10776,Male,80.4,1.42,58.9,66.5,83.4,4.9,5,Medium,Yes,Postgraduate,27.1,Fail
STU10777,Male,64.9,3.22,94.4,47.9,55.8,5.5,7,High,Yes,School,37.1,Fail
STU10778,Female,82.8,2.52,70.2,50.8,74.7,6.4,4,Low,Yes,Postgraduate,28.6,Fail
STU10779,Female,78.7,3.5,71.3,94.1,81.9,7.1,5,Low,Yes,Graduate,37.0,Fail
STU10780,Male,62.4,6.09,70.8,70.9,63.3,8.1,7,Medium,Yes,School,35.0,Fail
STU10781,Male,77.4,1.83,82.0,74.4,58.7,7.4,3,Low,Yes,Graduate,27.5,Fail
STU10782,Female,77.0,9.37,76.1,63.9,75.9,8.0,7,Medium,Yes,Postgraduate,47.1,Average
STU10783,Male,99.6,4.08,74.2,65.2,49.7,7.0,1,High,Yes,Graduate,35.8,Fail
STU10784,Male,88.7,5.39,78.3,60.2,54.9,6.2,5,Low,Yes,Graduate,48.5,Average
STU10785,Female,78.1,4.92,42.5,79.1,60.3,6.8,6,Medium,Yes,School,22.5,Fail
STU10786,Female,81.0,3.97,43.0,70.5,74.9,7.8,3,Medium,Yes,School,40.5,Average
STU10787,Male,78.5,4.49,66.9,78.5,71.8,8.1,1,Low,Yes,School,32.7,Fail
STU10788,Female,75.6,0.5,65.2,77.1,82.4,6.8,3,Medium,Yes,School,33.6,Fail
STU10789,Male,65.0,4.91,76.1,65.6,57.0,6.0,8,Medium,Yes,Graduate,33.1,Fail
STU10790,Female,76.2,1.51,68.3,50.1,56.3,7.4,5,Low,Yes,School,22.8,Fail
STU10791,Female,69.0,2.94,76.1,48.8,75.8,7.5,6,Medium,Yes,Graduate,32.6,Fail
STU10792,Male,63.0,3.95,50.6,100.0,58.6,8.4,4,Medium,Yes,Postgraduate,38.9,Fail
STU10793,Female,84.1,6.27,67.8,94.2,61.2,6.3,3,Medium,Yes,Postgraduate,46.5,Average
STU10794,Female,82.7,1.51,49.2,92.1,44.9,6.3,2,High,Yes,School,25.4,Fail
STU10795,Male,56.6,2.19,73.4,61.9,72.8,7.8,8,Medium,Yes,School,23.7,Fail
STU10796,Female,76.5,2.42,41.7,72.1,89.0,6.6,6,Medium,Yes,Graduate,27.9,Fail
STU10797,Female,89.9,3.53,72.9,59.8,55.6,6.5,0,High,Yes,School,34.4,Fail
STU10798,Male,90.7,2.54,47.4,52.3,82.3,8.4,0,Medium,Yes,Graduate,33.3,Fail
STU10799,Male,90.3,4.5,62.6,63.2,68.2,5.5,2,Low,Yes,Graduate,34.3,Fail
STU10800,Male,78.5,0.63,80.5,91.9,46.0,9.3,6,Low,Yes,Graduate,26.4,Fail
STU10801,Female,67.9,2.77,71.2,84.6,57.4,6.3,6,Low,Yes,School,22.7,Fail
STU10802,Male,65.0,8.29,45.0,57.4,56.6,8.0,9,Low,Yes,School,27.6,Fail
STU10803,Male,82.1,2.54,58.6,67.3,64.9,6.9,2,Medium,Yes,Postgraduate,21.7,Fail
STU10804,Female,82.6,4.09,47.0,83.2,74.5,7.3,1,Low,Yes,Postgraduate,42.1,Average
STU10805,Male,93.4,5.65,44.3,63.4,93.0,6.7,0,High,Yes,Graduate,38.6,Fail
STU10806,Male,91.2,4.0,69.6,73.2,50.4,7.9,0,Medium,Yes,Graduate,48.1,Average
STU10807,Male,76.4,9.9,75.8,78.0,62.7,6.6,5,Low,Yes,Graduate,50.5,Average
STU10808,Male,63.1,3.28,74.2,77.9,57.4,6.4,6,High,Yes,School,28.3,Fail
STU10809,Female,74.2,4.65,76.4,75.8,52.5,9.0,3,Medium,Yes,Postgraduate,39.6,Fail
STU10810,Male,80.6,3.63,67.8,62.2,70.2,7.0,4,Low,Yes,School,39.2,Fail
STU10811,Male,75.6,7.24,64.2,63.7,69.0,6.3,6,Low,Yes,Graduate,40.8,Average
STU10812,Male,71.1,2.27,53.0,55.0,45.4,5.4,7,Medium,Yes,School,19.9,Fail
STU10813,Female,81.0,10.41,61.8,48.6,69.2,9.1,5,Medium,Yes,Graduate,48.8,Average
STU10814,Male,72.0,1.86,49.5,70.3,53.3,6.4,4,Medium,Yes,Graduate,17.5,Fail
STU10815,Male,70.5,8.8,56.2,84.2,69.2,9.3,6,High,Yes,Graduate,44.6,Average
STU10816,Female,81.7,1.37,69.2,51.3,85.5,7.4,4,Medium,Yes,Graduate,29.8,Fail
STU10817,Male,73.2,4.75,66.4,76.1,75.0,7.2,5,High,Yes,Graduate,32.9,Fail
STU10818,Female,80.9,3.08,98.0,83.8,71.3,7.2,4,Medium,No,Graduate,46.3,Average
STU10819,Male,81.3,5.57,49.2,44.4,62.1,9.4,2,Medium,Yes,Graduate,30.2,Fail
STU10820,Female,64.3,4.16,66.2,67.9,69.9,4.6,6,Low,Yes,Graduate,26.4,Fail
STU10821,Female,72.2,5.37,48.1,96.7,76.3,7.2,6,Medium,Yes,Graduate,34.5,Fail
STU10822,Female,95.3,1.33,62.6,80.3,75.0,6.7,3,Medium,Yes,Graduate,30.8,Fail
STU10823,Female,64.1,0.75,63.1,43.9,67.7,6.8,9,Medium,Yes,School,25.6,Fail
STU10824,Female,52.6,1.15,79.8,81.9,71.8,7.2,10,Medium,Yes,Graduate,30.4,Fail
STU10825,Male,55.7,1.12,61.7,60.8,51.9,6.7,9,Medium,No,School,6.8,Fail
STU10826,Female,78.3,1.31,65.3,82.4,59.5,7.2,4,Medium,Yes,Graduate,32.9,Fail
STU10827,Female,78.4,1.96,62.0,61.6,78.2,7.0,2,Medium,Yes,Graduate,40.7,Average
STU10828,Male,76.6,1.95,48.4,71.2,79.9,5.6,3,Medium,Yes,Postgraduate,34.5,Fail
STU10829,Male,92.6,3.13,58.9,63.9,70.2,7.4,0,High,Yes,School,33.4,Fail
STU10830,Male,45.9,1.6,62.7,72.0,88.2,7.8,12,Medium,Yes,Graduate,22.8,Fail
STU10831,Female,82.8,1.71,69.0,63.5,75.6,6.4,5,Medium,Yes,School,26.1,Fail
STU10832,Female,96.7,2.66,75.8,68.6,66.0,9.1,2,Medium,Yes,Postgraduate,40.0,Fail
STU10833,Female,64.5,6.08,64.7,54.4,53.1,8.5,9,Medium,Yes,School,23.6,Fail
STU10834,Female,73.4,2.24,64.5,79.4,87.7,7.9,5,High,Yes,Graduate,30.8,Fail
STU10835,Female,69.0,2.98,43.9,74.6,79.0,7.9,5,High,No,School,24.6,Fail
STU10836,Female,67.3,3.34,75.6,47.8,92.4,7.0,6,Medium,No,Graduate,35.1,Fail
STU10837,Male,74.1,1.45,58.3,86.9,97.2,8.3,4,High,Yes,School,35.7,Fail
STU10838,Male,95.1,2.41,78.5,69.4,52.3,8.7,2,Medium,Yes,Graduate,40.8,Average
STU10839,Female,100.0,1.82,86.4,74.4,52.3,7.9,0,High,Yes,School,50.0,Average
STU10840,Female,74.0,5.71,65.4,83.5,31.8,6.4,5,High,Yes,Graduate,40.7,Average
STU10841,Female,100.0,5.4,53.7,76.9,80.9,7.0,1,Medium,Yes,School,41.8,Average
STU10842,Female,78.4,1.67,67.8,89.5,77.5,7.6,3,High,Yes,Graduate,44.2,Average
STU10843,Female,99.0,2.94,72.9,67.6,70.3,7.9,2,Medium,Yes,School,39.4,Fail
STU10844,Male,76.9,4.65,63.6,87.5,53.1,6.9,3,Medium,Yes,Postgraduate,34.9,Fail
STU10845,Male,79.6,3.86,60.1,73.8,67.8,6.4,5,Medium,Yes,Graduate,27.6,Fail
STU10846,Male,82.4,4.15,75.9,79.6,71.4,8.7,3,Medium,Yes,Graduate,44.9,Average
STU10847,Female,100.0,1.45,75.0,78.1,79.2,5.8,1,Medium,Yes,School,45.9,Average
STU10848,Male,88.2,8.59,63.2,90.6,72.5,6.0,0,Low,Yes,School,39.5,Fail
STU10849,Male,69.5,1.93,44.8,82.8,77.6,5.5,4,Medium,Yes,Postgraduate,26.9,Fail
STU10850,Male,89.6,1.89,74.4,65.4,67.4,6.0,3,Medium,Yes,Graduate,33.5,Fail
STU10851,Female,73.7,1.03,57.3,62.4,84.4,8.4,5,Medium,Yes,Graduate,31.8,Fail
STU10852,Male,72.1,2.74,71.0,71.3,77.2,8.4,5,Low,Yes,Graduate,36.3,Fail
STU10853,Female,88.9,6.5,70.1,60.6,53.6,6.9,1,Low,Yes,School,38.7,Fail
STU10854,Male,78.4,3.83,41.6,56.2,87.1,7.5,6,Medium,Yes,Postgraduate,39.7,Fail
STU10855,Female,81.3,2.9,69.1,40.1,84.9,7.0,4,Medium,No,Graduate,27.4,Fail
STU10856,Female,78.2,5.14,75.2,48.8,75.1,5.7,5,Low,Yes,Postgraduate,29.6,Fail
STU10857,Male,82.0,6.4,76.9,100.0,72.6,9.4,2,Low,Yes,Graduate,52.8,Average
STU10858,Female,83.1,5.39,69.6,62.2,90.6,8.5,4,Medium,Yes,School,50.0,Average
STU10859,Female,54.8,0.55,40.3,100.0,47.8,7.4,8,Low,Yes,Graduate,8.7,Fail
STU10860,Male,86.0,5.17,85.9,78.0,85.1,6.1,2,Low,Yes,Postgraduate,50.0,Average
STU10861,Female,66.2,4.26,73.8,71.3,62.8,6.8,5,Medium,No,School,29.9,Fail
STU10862,Female,60.7,1.64,51.2,49.5,83.2,6.2,8,Medium,Yes,Graduate,24.7,Fail
STU10863,Male,77.3,4.27,57.0,72.1,70.6,7.1,6,High,Yes,Graduate,36.6,Fail
STU10864,Male,79.0,6.51,71.2,100.0,52.8,7.3,5,Low,No,School,38.1,Fail
STU10865,Male,69.7,2.0,77.5,95.4,62.5,6.6,5,Low,Yes,School,35.2,Fail
STU10866,Male,88.0,5.65,61.2,76.1,82.3,5.4,3,Low,No,Graduate,34.4,Fail
STU10867,Male,61.9,3.89,79.6,54.8,66.3,9.3,8,Medium,Yes,Postgraduate,38.4,Fail
STU10868,Female,73.1,0.5,42.9,57.6,60.9,7.3,5,Low,Yes,Graduate,23.7,Fail
STU10869,Female,71.0,3.06,53.4,59.2,60.8,7.5,6,Low,Yes,Postgraduate,24.7,Fail
STU10870,Male,77.4,3.78,39.1,91.2,77.3,6.5,3,Medium,Yes,School,29.5,Fail
STU10871,Female,81.3,2.48,55.4,96.5,91.8,5.3,4,Medium,No,School,34.2,Fail
STU10872,Female,65.9,3.99,89.1,74.9,41.2,6.9,4,Medium,Yes,School,37.4,Fail
STU10873,Female,86.7,2.82,96.8,67.5,100.0,6.6,4,Medium,Yes,Graduate,49.2,Average
STU10874,Female,78.8,11.75,71.3,95.2,71.6,7.8,3,High,Yes,Graduate,50.5,Average
STU10875,Male,55.3,2.35,59.1,57.3,76.5,8.0,11,Medium,Yes,School,26.0,Fail
STU10876,Female,54.5,1.68,64.9,72.8,63.3,7.8,5,Low,Yes,Graduate,20.4,Fail
STU10877,Male,77.9,5.46,74.6,78.9,69.0,8.1,7,Medium,Yes,Graduate,43.5,Average
STU10878,Male,75.3,2.59,46.1,59.1,71.5,9.0,2,Low,Yes,Graduate,18.4,Fail
STU10879,Male,76.8,2.94,60.0,62.5,55.4,7.4,3,Low,Yes,Graduate,27.8,Fail
STU10880,Male,77.7,2.76,88.1,61.3,58.5,8.2,5,Medium,Yes,Graduate,36.7,Fail
STU10881,Male,80.7,5.26,53.4,93.3,84.4,7.5,5,Low,Yes,Postgraduate,31.1,Fail
STU10882,Male,89.4,1.31,57.5,100.0,48.8,4.9,2,Low,Yes,Graduate,31.0,Fail
STU10883,Male,64.7,5.64,68.2,73.7,74.7,6.8,8,Medium,Yes,Postgraduate,31.0,Fail
STU10884,Male,63.9,4.5,72.0,68.0,64.2,6.0,6,High,Yes,Postgraduate,33.8,Fail
STU10885,Male,64.9,9.39,59.2,63.0,56.5,7.3,6,Low,Yes,Postgraduate,32.0,Fail
STU10886,Male,81.5,3.58,69.1,72.0,94.6,6.1,3,Medium,No,School,30.9,Fail
STU10887,Female,92.9,1.39,76.5,63.7,56.6,7.7,1,High,Yes,Graduate,31.7,Fail
STU10888,Female,72.8,3.61,95.5,70.5,54.3,8.1,3,Low,Yes,Graduate,34.7,Fail
STU10889,Female,48.0,3.93,66.2,78.2,66.6,8.3,10,Medium,Yes,School,32.1,Fail
STU10890,Female,57.6,6.88,67.4,65.9,59.0,8.8,8,Low,Yes,Graduate,35.9,Fail
STU10891,Female,68.0,1.39,89.4,69.2,69.1,5.2,8,High,Yes,School,41.1,Average
STU10892,Female,71.3,0.81,60.3,69.2,71.0,5.7,4,Low,Yes,Graduate,22.1,Fail
STU10893,Male,73.1,3.66,49.5,67.2,72.1,10.0,4,Low,Yes,Postgraduate,29.7,Fail
STU10894,Male,78.5,9.65,71.5,65.4,67.4,8.1,6,High,Yes,Graduate,46.1,Average
STU10895,Female,74.3,4.95,83.1,83.4,59.9,7.2,6,Medium,Yes,Postgraduate,40.1,Average
STU10896,Female,90.6,5.14,73.1,45.4,77.4,7.0,3,Low,Yes,Graduate,34.8,Fail
STU10897,Male,69.9,1.0,66.6,95.6,67.5,6.9,7,Medium,Yes,Postgraduate,33.4,Fail
STU10898,Male,67.7,3.25,47.7,74.0,62.6,4.9,7,High,Yes,School,24.7,Fail
STU10899,Male,83.7,6.96,67.2,81.2,88.2,6.2,6,Medium,Yes,Postgraduate,35.7,Fail
STU10900,Male,59.6,3.96,85.3,82.9,67.4,6.9,8,Low,No,School,28.8,Fail
STU10901,Male,82.7,0.76,50.7,61.4,83.2,6.2,2,Low,Yes,Postgraduate,20.9,Fail
STU10902,Male,79.2,3.2,64.6,58.3,84.9,6.4,5,High,Yes,School,31.9,Fail
STU10903,Male,76.2,4.72,62.6,56.5,85.7,9.8,4,Low,Yes,School,38.2,Fail
STU10904,Female,97.1,2.96,58.2,68.3,78.0,6.7,0,Low,No,School,39.4,Fail
STU10905,Female,70.5,1.54,71.5,82.5,69.0,7.3,6,Low,Yes,Graduate,29.2,Fail
STU10906,Female,100.0,5.57,74.2,63.2,68.2,7.3,0,Low,Yes,Postgraduate,45.5,Average
STU10907,Male,75.3,2.28,74.1,81.1,65.8,7.6,4,Medium,Yes,Graduate,28.6,Fail
STU10908,Male,62.7,4.22,54.3,36.5,40.8,6.5,8,Medium,Yes,Graduate,10.8,Fail
STU10909,Female,78.8,3.14,45.0,66.2,78.3,8.4,3,Low,Yes,School,29.4,Fail
STU10910,Female,65.1,2.22,71.7,89.5,72.2,7.5,8,Low,Yes,Postgraduate,26.6,Fail
STU10911,Other,69.0,10.34,60.9,69.4,79.7,5.6,5,Low,Yes,Graduate,46.4,Average
STU10912,Male,82.8,2.03,93.7,59.6,67.5,6.9,2,Low,Yes,Postgraduate,41.9,Average
STU10913,Male,84.7,3.33,94.4,62.1,77.6,6.8,6,Low,Yes,Graduate,36.1,Fail
STU10914,Male,70.5,3.13,95.9,26.6,51.1,6.8,4,Medium,Yes,Graduate,22.3,Fail
STU10915,Male,89.8,3.6,54.8,56.8,53.8,7.6,2,Low,Yes,School,23.3,Fail
STU10916,Male,91.9,9.85,76.0,87.9,36.8,7.7,4,Low,Yes,Graduate,41.2,Average
STU10917,Male,95.2,4.72,80.2,63.3,67.3,7.6,1,Medium,Yes,Postgraduate,39.9,Fail
STU10918,Male,84.4,2.2,78.6,65.0,59.0,7.4,5,Medium,Yes,Graduate,27.5,Fail
STU10919,Male,94.4,7.96,63.0,37.0,57.3,7.1,2,Medium,Yes,Postgraduate,36.9,Fail
STU10920,Female,55.4,5.28,85.9,47.5,73.4,4.6,9,High,Yes,Postgraduate,35.1,Fail
STU10921,Male,74.2,2.23,68.0,89.9,63.5,7.9,5,Low,Yes,School,28.3,Fail
STU10922,Female,67.6,7.19,69.8,81.3,50.4,7.5,3,Low,Yes,Graduate,39.7,Fail
STU10923,Female,79.4,0.99,46.5,52.5,100.0,5.9,4,Low,Yes,Graduate,24.0,Fail
STU10924,Male,71.1,1.26,77.0,62.5,68.5,7.3,6,Low,Yes,School,30.2,Fail
STU10925,Male,76.0,0.71,64.4,71.6,54.9,7.7,5,High,Yes,Graduate,24.0,Fail
STU10926,Male,100.0,0.5,74.5,54.1,60.3,8.3,4,Medium,Yes,School,33.2,Fail
STU10927,Male,76.0,6.86,71.3,41.9,66.7,7.6,5,Medium,Yes,Graduate,36.4,Fail
STU10928,Female,83.0,3.63,70.5,69.6,66.7,7.4,4,High,Yes,Graduate,44.5,Average
STU10929,Female,75.2,0.78,67.4,80.6,85.9,8.0,7,High,Yes,Postgraduate,39.5,Fail
STU10930,Male,78.9,3.07,79.0,80.9,68.0,6.7,5,Medium,Yes,Graduate,40.1,Average
STU10931,Male,78.1,5.76,65.2,85.1,93.1,7.5,4,High,Yes,Graduate,39.5,Fail
STU10932,Female,83.4,1.75,47.6,48.7,63.4,6.3,3,Medium,Yes,School,18.5,Fail
STU10933,Male,92.0,2.48,76.0,72.9,74.5,8.2,1,Low,Yes,Postgraduate,38.7,Fail
STU10934,Male,97.8,10.65,56.7,68.0,82.3,5.2,1,Medium,Yes,Graduate,45.0,Average
STU10935,Male,81.7,2.66,49.5,70.7,84.5,7.9,3,High,Yes,Graduate,35.2,Fail
STU10936,Male,85.1,0.84,53.7,68.8,86.1,7.0,4,Medium,No,Postgraduate,32.6,Fail
STU10937,Male,64.2,2.1,72.0,62.1,65.5,8.1,6,Medium,Yes,Graduate,31.2,Fail
STU10938,Female,76.9,0.72,66.6,26.7,68.9,6.1,5,High,Yes,School,26.2,Fail
STU10939,Female,89.3,4.99,38.1,89.4,36.8,7.1,4,Medium,Yes,School,29.3,Fail
STU10940,Male,88.4,1.55,62.6,76.9,66.5,7.1,2,Medium,Yes,Graduate,28.8,Fail
STU10941,Female,80.5,1.51,84.4,49.7,83.2,7.5,7,Low,Yes,School,32.5,Fail
STU10942,Male,88.6,11.26,61.7,79.1,80.7,5.8,3,Low,Yes,School,50.0,Average
STU10943,Male,83.9,1.14,65.7,65.3,67.9,7.7,3,Low,Yes,School,35.2,Fail
STU10944,Female,92.4,0.96,82.6,65.7,91.1,5.0,2,High,No,Graduate,39.0,Fail
STU10945,Female,81.5,1.32,79.1,60.5,64.0,6.3,3,High,Yes,Graduate,32.7,Fail
STU10946,Female,73.7,5.88,82.3,80.1,59.7,5.3,2,Low,No,Graduate,43.5,Average
STU10947,Male,82.0,4.55,29.2,60.0,62.9,7.9,5,Low,Yes,Graduate,23.3,Fail
STU10948,Male,42.8,2.07,92.3,55.5,54.4,7.4,15,Low,No,Graduate,10.1,Fail
STU10949,Female,82.6,1.93,76.9,89.0,77.1,7.5,4,Medium,Yes,Graduate,33.0,Fail
STU10950,Male,40.0,4.31,98.0,69.3,72.8,8.6,13,Medium,Yes,Postgraduate,45.3,Average
STU10951,Female,57.3,3.73,57.0,69.8,76.9,6.7,8,Medium,Yes,Graduate,19.0,Fail
STU10952,Female,83.4,2.79,43.3,82.4,63.6,7.7,5,Low,Yes,Postgraduate,27.9,Fail
STU10953,Male,83.7,4.66,68.1,62.0,68.2,7.1,3,Low,Yes,Graduate,39.9,Fail
STU10954,Female,64.1,1.24,64.1,65.0,40.7,6.9,8,High,Yes,Graduate,10.8,Fail
STU10955,Female,69.5,1.57,77.2,76.6,73.9,8.4,4,Medium,Yes,Graduate,32.0,Fail
STU10956,Female,94.4,4.83,83.0,48.9,70.3,9.3,0,Low,Yes,School,36.5,Fail
STU10957,Male,72.2,3.94,66.8,75.3,54.7,6.5,6,Low,Yes,Postgraduate,39.0,Fail
STU10958,Female,100.0,3.23,64.6,60.7,67.6,7.9,1,Low,Yes,Graduate,47.3,Average
STU10959,Male,78.0,11.01,75.3,84.8,65.6,7.4,6,Low,Yes,School,42.8,Average
STU10960,Male,82.9,5.37,64.4,80.2,91.9,7.4,1,Low,Yes,Graduate,48.0,Average
STU10961,Female,97.4,2.12,63.2,78.2,55.2,7.3,0,Medium,Yes,Graduate,38.7,Fail
STU10962,Other,79.6,1.69,82.5,47.9,73.3,6.6,5,Low,Yes,School,27.6,Fail
STU10963,Male,66.0,4.08,85.6,70.4,54.8,4.0,6,Medium,Yes,School,21.6,Fail
STU10964,Female,76.7,6.84,83.2,54.3,61.7,8.7,6,Medium,Yes,Postgraduate,53.7,Average
STU10965,Female,77.6,0.61,65.6,71.4,72.6,6.2,2,Low,No,Graduate,19.1,Fail
STU10966,Female,61.6,3.87,38.0,37.3,66.3,6.7,8,Medium,Yes,School,14.6,Fail
STU10967,Male,74.9,2.45,65.9,48.9,68.9,6.8,5,High,Yes,School,23.5,Fail
STU10968,Male,69.1,3.63,57.4,89.8,73.3,6.1,7,Low,Yes,Graduate,35.6,Fail
STU10969,Male,89.1,0.89,66.2,77.5,62.6,7.3,1,Medium,Yes,Graduate,39.5,Fail
STU10970,Female,78.4,6.84,58.6,66.7,80.5,7.0,1,Low,No,Graduate,33.3,Fail
STU10971,Male,74.6,8.07,67.7,58.4,65.0,6.2,5,Low,No,Postgraduate,31.0,Fail
STU10972,Male,76.7,5.04,53.5,55.7,67.7,7.2,5,Low,Yes,School,18.8,Fail
STU10973,Female,80.7,9.13,50.1,75.0,73.7,7.0,5,Medium,Yes,School,40.0,Average
STU10974,Female,85.4,2.36,85.1,66.8,72.0,8.0,2,Medium,Yes,School,44.2,Average
STU10975,Female,66.0,3.81,54.4,95.2,77.4,5.5,8,Medium,Yes,Graduate,29.7,Fail
STU10976,Female,65.5,5.09,68.0,69.2,73.1,6.1,8,Low,Yes,School,27.7,Fail
STU10977,Female,91.3,4.11,81.4,72.9,75.1,7.8,4,Medium,No,Graduate,53.3,Average
STU10978,Female,73.1,2.6,80.8,51.2,64.8,6.3,5,Low,Yes,Postgraduate,34.8,Fail
STU10979,Female,61.0,2.81,79.1,66.6,55.1,6.0,5,Low,Yes,School,32.2,Fail
STU10980,Female,83.3,7.6,72.2,74.7,50.4,6.4,3,Medium,Yes,Postgraduate,30.8,Fail
STU10981,Male,83.6,3.11,78.1,66.4,47.3,6.9,3,Low,Yes,Postgraduate,36.0,Fail
STU10982,Male,59.6,6.59,87.2,64.7,91.9,6.9,9,Medium,Yes,Graduate,43.9,Average
STU10983,Male,80.8,3.0,74.0,76.9,40.2,6.8,2,Medium,Yes,Postgraduate,28.1,Fail
STU10984,Female,86.8,6.56,42.3,94.7,84.5,5.9,2,Medium,Yes,Graduate,36.9,Fail
STU10985,Male,82.5,3.36,60.6,74.2,58.3,7.9,5,Medium,Yes,Graduate,31.9,Fail
STU10986,Male,85.6,4.81,77.7,89.2,84.4,8.5,3,Low,Yes,Graduate,41.9,Average
STU10987,Other,61.1,1.87,59.2,81.3,40.4,4.9,7,Low,Yes,School,11.5,Fail
STU10988,Female,82.0,3.8,90.7,88.3,65.9,5.3,6,Medium,Yes,Graduate,40.1,Average
STU10989,Female,74.4,1.89,67.1,62.9,87.9,8.1,4,Low,Yes,Postgraduate,37.8,Fail
STU10990,Female,72.2,2.31,69.2,68.9,78.3,8.7,7,Low,Yes,Graduate,29.2,Fail
STU10991,Male,88.4,2.46,83.7,69.0,64.6,4.7,4,Low,Yes,Graduate,32.1,Fail
STU10992,Male,95.8,2.78,65.4,80.2,43.7,7.9,1,Medium,Yes,Graduate,41.8,Average
STU10993,Female,99.5,6.07,70.5,83.9,51.8,8.8,0,Medium,Yes,Postgraduate,40.1,Average
STU10994,Female,93.8,2.25,80.6,73.9,87.1,6.1,1,Low,Yes,School,42.4,Average
STU10995,Male,76.7,3.53,47.4,85.2,64.5,8.7,5,Low,Yes,School,30.9,Fail
STU10996,Male,82.2,6.58,64.0,63.6,68.1,6.8,3,Low,Yes,School,37.3,Fail
STU10997,Male,87.2,4.74,79.6,85.3,72.7,7.3,2,Low,Yes,Postgraduate,44.0,Average
STU10998,Male,79.5,0.63,68.9,87.2,52.1,6.2,4,Medium,Yes,Graduate,25.0,Fail
STU10999,Male,79.6,0.87,88.5,82.2,74.3,8.1,4,Low,Yes,School,45.8,Average
STU11000,Male,87.9,4.17,45.9,74.0,63.5,7.9,2,Low,Yes,Graduate,27.9,Fail
STU11001,Male,77.3,2.16,44.3,82.7,72.8,8.9,1,High,Yes,Graduate,28.9,Fail
STU11002,Female,69.2,0.75,78.8,58.6,61.5,8.6,6,Medium,Yes,School,28.0,Fail
STU11003,Female,73.0,2.04,80.1,75.0,48.5,7.0,5,Low,Yes,Postgraduate,27.2,Fail
STU11004,Male,85.6,4.28,65.3,76.5,63.4,10.0,0,Medium,Yes,Graduate,48.8,Average
STU11005,Male,78.0,2.44,73.6,52.1,77.3,8.5,4,Medium,Yes,School,32.5,Fail
STU11006,Male,82.1,3.29,78.4,79.1,74.1,7.6,3,High,Yes,Postgraduate,50.3,Average
STU11007,Female,86.0,2.61,56.6,53.3,69.4,5.9,5,High,Yes,School,28.4,Fail
STU11008,Male,73.5,1.81,58.1,65.6,80.7,5.3,4,Medium,No,School,23.6,Fail
STU11009,Female,87.1,3.75,70.7,72.6,66.4,5.4,4,Low,Yes,Graduate,39.9,Fail
STU11010,Male,82.5,0.68,80.7,61.0,69.7,6.0,6,Medium,Yes,School,26.4,Fail
STU11011,Female,63.2,1.63,51.7,73.2,62.8,8.5,6,Low,Yes,Graduate,21.6,Fail
STU11012,Male,95.3,5.35,65.2,73.0,81.4,7.5,1,Medium,Yes,School,47.2,Average
STU11013,Female,72.0,0.89,64.6,59.7,72.8,6.3,8,High,Yes,School,24.8,Fail
STU11014,Female,58.1,3.17,73.9,80.5,61.8,6.9,9,Low,Yes,Postgraduate,25.7,Fail
STU11015,Male,65.5,2.3,67.9,60.5,49.6,6.7,7,High,Yes,School,14.5,Fail
STU11016,Male,65.7,2.13,60.4,100.0,83.4,7.9,6,Medium,Yes,Graduate,37.0,Fail
STU11017,Male,78.6,5.7,85.5,70.4,59.3,6.0,5,Low,Yes,School,32.8,Fail
STU11018,Male,74.7,6.45,60.5,54.4,69.9,7.4,5,High,Yes,Postgraduate,36.2,Fail
STU11019,Female,74.0,1.31,63.9,57.2,99.6,7.3,2,Medium,Yes,School,31.9,Fail
STU11020,Female,85.4,2.79,45.7,89.2,79.4,6.1,2,Medium,Yes,School,29.8,Fail
STU11021,Female,82.1,0.5,58.0,65.9,89.9,8.7,2,Medium,Yes,Postgraduate,35.3,Fail
STU11022,Male,81.8,5.49,75.2,51.5,62.0,6.7,4,Low,Yes,School,32.0,Fail
STU11023,Male,82.9,3.05,72.5,84.8,82.9,5.9,2,Low,Yes,Postgraduate,44.9,Average
STU11024,Female,85.4,0.84,76.4,65.8,69.3,7.9,4,Medium,Yes,Graduate,37.6,Fail
STU11025,Male,52.7,1.7,75.7,81.8,73.8,7.1,10,High,Yes,Postgraduate,41.5,Average
STU11026,Male,73.6,1.21,97.2,86.0,95.3,7.4,3,Medium,Yes,School,47.6,Average
STU11027,Male,51.8,1.62,57.5,76.1,65.4,5.7,9,High,Yes,Postgraduate,18.6,Fail
STU11028,Male,78.4,0.55,45.3,100.0,69.3,7.9,5,High,Yes,School,28.4,Fail
STU11029,Female,77.9,7.55,53.3,46.1,57.3,9.4,6,Low,Yes,School,31.6,Fail
STU11030,Male,90.5,1.36,58.1,59.7,80.6,5.6,1,Medium,Yes,Graduate,37.4,Fail
STU11031,Male,92.3,3.17,54.4,68.2,61.7,7.4,0,Medium,Yes,School,39.9,Fail
STU11032,Male,80.4,4.25,69.3,100.0,82.3,6.1,7,Low,Yes,Graduate,35.5,Fail
STU11033,Male,72.0,6.46,85.5,99.0,47.6,10.0,6,Medium,Yes,Graduate,53.5,Average
STU11034,Male,83.8,3.25,89.6,91.3,76.1,8.4,3,Medium,Yes,School,47.7,Average
STU11035,Male,71.7,2.58,75.1,60.1,60.6,7.3,5,High,Yes,School,25.2,Fail
STU11036,Male,78.0,3.35,98.0,61.8,78.5,5.6,5,High,Yes,Graduate,41.3,Average
STU11037,Male,89.8,1.31,63.0,59.6,68.8,5.9,5,Medium,Yes,Graduate,35.0,Fail
STU11038,Female,71.3,1.4,45.1,60.2,62.0,7.8,6,Medium,Yes,Graduate,23.5,Fail
STU11039,Male,87.7,2.54,82.7,94.4,64.0,5.5,4,Medium,Yes,Graduate,35.4,Fail
STU11040,Female,86.1,0.5,42.3,68.3,57.9,5.5,3,High,Yes,Graduate,16.0,Fail
STU11041,Male,66.5,1.85,57.4,70.3,79.9,7.0,5,Medium,Yes,Graduate,23.4,Fail
STU11042,Male,89.7,2.19,75.3,83.6,55.4,7.1,1,High,No,School,33.0,Fail
STU11043,Other,86.4,10.02,66.6,47.0,65.5,7.4,1,High,Yes,School,43.4,Average
STU11044,Male,79.2,7.01,65.3,72.8,73.5,6.5,4,Low,Yes,School,31.8,Fail
STU11045,Male,68.9,4.24,51.5,55.5,90.0,8.0,8,High,Yes,Graduate,28.9,Fail
STU11046,Male,67.7,5.58,67.8,67.6,68.9,6.1,7,Medium,Yes,School,38.5,Fail
STU11047,Male,71.5,1.39,82.1,63.2,65.8,7.7,5,Low,Yes,Graduate,39.4,Fail
STU11048,Female,84.5,3.41,68.3,62.4,72.6,7.2,2,Low,No,School,40.0,Average
STU11049,Female,66.5,5.13,56.4,75.4,42.0,7.7,7,Medium,Yes,School,16.4,Fail
STU11050,Male,83.3,1.4,50.5,75.3,53.4,8.3,1,Low,Yes,School,34.2,Fail
STU11051,Male,63.1,0.87,56.7,68.7,64.1,6.5,6,Low,Yes,Graduate,20.9,Fail
STU11052,Male,75.6,3.93,73.5,77.6,59.7,6.3,6,Medium,Yes,Graduate,35.0,Fail
STU11053,Male,79.3,0.97,72.8,59.0,48.2,5.1,4,Low,Yes,Graduate,27.9,Fail
STU11054,Female,100.0,4.51,56.8,82.2,80.2,4.8,0,Medium,Yes,Postgraduate,46.8,Average
STU11055,Female,61.5,6.38,37.0,68.9,72.4,6.8,7,Medium,No,Graduate,15.8,Fail
STU11056,Male,95.7,1.44,73.9,64.7,70.8,6.9,2,Low,Yes,School,30.9,Fail
STU11057,Male,79.8,1.54,55.4,60.1,60.0,5.8,4,Medium,Yes,Postgraduate,23.4,Fail
STU11058,Female,82.9,6.26,77.6,68.4,70.0,6.0,2,Low,Yes,Graduate,34.8,Fail
STU11059,Male,79.4,3.26,57.4,100.0,75.7,8.7,3,High,Yes,School,45.5,Average
STU11060,Female,83.3,5.72,54.2,71.1,65.6,8.0,3,Medium,Yes,School,42.7,Average
STU11061,Female,76.2,2.61,70.1,54.8,74.8,5.6,5,High,Yes,Graduate,30.9,Fail
STU11062,Male,95.4,2.76,98.0,85.8,58.7,6.5,1,Medium,Yes,School,47.7,Average
STU11063,Female,72.5,3.2,78.5,64.9,70.3,7.4,5,High,Yes,Graduate,36.7,Fail
STU11064,Male,91.6,8.74,69.9,76.3,83.9,6.3,2,Medium,No,School,48.4,Average
STU11065,Male,70.3,5.43,73.0,62.9,85.0,6.1,6,Medium,Yes,Postgraduate,44.7,Average
STU11066,Female,77.3,1.8,43.5,91.2,86.3,6.6,3,Low,Yes,Graduate,22.5,Fail
STU11067,Female,65.1,3.59,52.3,63.1,72.7,8.2,9,Medium,Yes,Graduate,29.1,Fail
STU11068,Male,83.5,2.47,32.8,93.0,69.4,8.3,3,Medium,Yes,School,29.7,Fail
STU11069,Female,95.3,2.13,92.2,56.3,63.2,6.2,1,Medium,Yes,Graduate,37.1,Fail
STU11070,Male,77.1,4.42,89.4,67.6,45.5,7.5,1,Low,Yes,Postgraduate,36.7,Fail
STU11071,Female,75.6,3.83,73.5,93.0,51.5,7.0,5,Medium,No,School,43.0,Average
STU11072,Female,64.6,1.46,69.9,74.5,66.8,5.9,5,Medium,Yes,Graduate,22.2,Fail
STU11073,Female,75.2,3.2,46.3,100.0,67.6,6.7,3,Medium,Yes,School,31.2,Fail
STU11074,Male,58.9,2.08,64.9,68.0,87.4,5.6,12,Medium,Yes,Graduate,33.6,Fail
STU11075,Male,67.0,4.23,93.1,75.9,86.1,8.3,7,Medium,Yes,Postgraduate,40.4,Average
STU11076,Female,80.7,2.01,69.8,100.0,60.1,8.7,6,Medium,Yes,Graduate,36.3,Fail
STU11077,Male,93.8,2.77,60.1,49.3,79.6,6.5,3,Medium,Yes,Graduate,33.7,Fail
STU11078,Female,100.0,2.18,43.4,47.4,62.8,6.3,1,Medium,Yes,School,26.6,Fail
STU11079,Male,71.0,0.65,87.3,60.1,77.9,8.2,6,Medium,Yes,Postgraduate,35.9,Fail
STU11080,Male,95.2,8.46,67.0,84.2,79.5,8.3,3,Low,Yes,Graduate,46.5,Average
STU11081,Male,80.9,3.18,43.4,47.9,85.1,5.8,5,Low,Yes,School,24.2,Fail
STU11082,Male,76.2,8.65,55.1,81.0,62.6,6.8,5,Medium,Yes,Postgraduate,39.9,Fail
STU11083,Male,83.2,3.28,50.1,79.9,82.2,6.9,4,Medium,Yes,School,36.8,Fail
STU11084,Male,78.7,4.97,66.2,100.0,44.7,6.2,4,Low,Yes,School,37.7,Fail
STU11085,Female,79.3,1.89,70.9,87.7,85.9,7.4,4,Medium,Yes,Postgraduate,34.7,Fail
STU11086,Male,73.1,1.93,61.0,77.5,68.7,6.2,5,Low,No,School,29.8,Fail
STU11087,Female,61.2,3.05,78.9,92.4,69.0,6.4,8,Medium,Yes,School,32.5,Fail
STU11088,Male,59.5,8.6,69.1,80.1,42.5,6.9,11,Low,Yes,School,32.5,Fail
STU11089,Female,85.8,1.5,82.9,65.1,63.9,5.4,1,Medium,Yes,Postgraduate,39.5,Fail
STU11090,Male,74.7,0.5,63.0,54.8,86.6,4.7,7,Medium,Yes,School,32.5,Fail
STU11091,Female,70.8,6.17,98.0,63.5,63.5,8.0,5,High,Yes,Graduate,45.6,Average
STU11092,Male,78.1,5.18,60.1,71.4,78.3,6.2,6,High,Yes,School,32.4,Fail
STU11093,Male,87.5,2.27,55.4,74.6,69.4,9.3,2,Medium,Yes,School,32.5,Fail
STU11094,Male,80.2,10.76,53.6,40.0,82.8,9.2,5,Medium,Yes,School,35.5,Fail
STU11095,Male,70.1,11.06,65.0,68.7,71.5,6.4,6,Medium,Yes,Postgraduate,48.3,Average
STU11096,Male,92.7,0.6,43.9,72.4,56.9,9.6,0,High,Yes,Graduate,25.6,Fail
STU11097,Female,97.0,1.86,72.1,80.2,69.7,8.0,3,Medium,Yes,Postgraduate,46.4,Average
STU11098,Male,83.9,3.04,41.3,96.4,89.8,6.3,2,Low,Yes,Graduate,34.6,Fail
STU11099,Female,89.7,4.16,70.3,74.8,75.5,4.2,2,High,Yes,School,29.2,Fail
STU11100,Male,92.9,3.74,49.1,58.4,67.5,7.8,0,Low,Yes,School,38.0,Fail
STU11101,Female,91.6,3.17,62.7,44.7,98.3,7.0,0,High,Yes,Graduate,23.5,Fail
STU11102,Male,85.4,1.31,76.5,82.3,84.1,7.5,3,Low,Yes,Graduate,39.9,Fail
STU11103,Female,85.2,4.52,98.0,59.0,79.6,6.7,2,Medium,No,Graduate,47.6,Average
STU11104,Female,84.2,4.69,52.9,85.0,73.1,5.7,1,High,No,School,23.9,Fail
STU11105,Male,64.8,5.88,65.9,93.0,78.5,6.5,7,Medium,Yes,Graduate,42.0,Average
STU11106,Male,86.4,1.16,57.9,48.8,78.9,7.8,0,Medium,Yes,School,27.1,Fail
STU11107,Female,61.7,2.69,55.8,80.3,40.6,6.6,8,Low,Yes,Graduate,17.8,Fail
STU11108,Male,68.5,2.19,58.0,91.4,74.1,6.6,6,Low,Yes,Postgraduate,37.8,Fail
STU11109,Male,93.6,1.14,79.5,87.3,66.9,5.3,0,Low,Yes,School,38.1,Fail
STU11110,Male,88.1,2.66,61.2,40.6,62.5,7.1,2,Medium,Yes,School,25.4,Fail
STU11111,Male,95.8,1.37,98.0,59.2,66.5,5.8,2,Medium,Yes,School,38.5,Fail
STU11112,Female,74.7,0.97,73.8,52.8,48.8,8.0,3,Low,Yes,Graduate,34.2,Fail
STU11113,Male,64.2,5.22,53.9,79.9,45.5,6.2,8,Medium,Yes,Graduate,27.3,Fail
STU11114,Male,75.1,2.26,62.9,78.2,85.2,6.7,6,High,Yes,Postgraduate,31.7,Fail
STU11115,Male,79.2,1.79,56.8,31.5,75.0,9.4,3,High,Yes,Postgraduate,26.8,Fail
STU11116,Male,78.9,6.84,79.2,67.5,37.6,6.7,4,Medium,Yes,Graduate,30.9,Fail
STU11117,Female,91.6,4.79,45.1,84.0,61.5,6.5,3,High,Yes,Graduate,32.9,Fail
STU11118,Female,73.7,0.5,49.2,74.2,80.4,7.6,4,Medium,Yes,School,34.9,Fail
STU11119,Female,82.2,4.17,59.7,74.2,65.4,5.0,3,Low,Yes,Postgraduate,31.5,Fail
STU11120,Male,66.1,4.16,77.6,66.5,85.2,8.4,8,Medium,Yes,Graduate,32.0,Fail
STU11121,Male,83.4,2.58,85.3,56.1,82.6,8.1,2,High,Yes,School,43.6,Average
STU11122,Male,78.0,2.5,87.3,71.7,51.4,7.6,5,Low,No,Postgraduate,31.7,Fail
STU11123,Female,69.0,0.73,75.4,72.8,67.1,4.0,5,Low,Yes,Graduate,28.4,Fail
STU11124,Female,75.2,10.69,66.8,81.2,63.2,6.7,5,High,Yes,School,43.2,Average
STU11125,Female,75.8,2.65,79.1,82.4,50.9,5.6,6,Medium,Yes,Graduate,39.8,Fail
STU11126,Female,74.8,4.02,52.0,73.3,50.1,8.2,1,Medium,Yes,School,25.1,Fail
STU11127,Male,99.3,2.76,42.2,88.4,58.5,8.2,0,Medium,Yes,School,28.5,Fail
STU11128,Other,76.8,1.81,74.1,66.4,60.7,7.4,5,Medium,Yes,School,34.8,Fail
STU11129,Female,75.1,5.49,53.9,50.3,72.7,5.7,5,Low,Yes,Graduate,17.1,Fail
STU11130,Male,52.8,3.51,67.1,79.2,82.6,8.6,9,Medium,Yes,School,31.2,Fail
STU11131,Male,67.3,2.67,69.7,73.9,75.7,6.7,5,Low,Yes,School,34.0,Fail
STU11132,Female,74.8,3.99,71.5,79.5,78.8,9.0,6,Low,Yes,Graduate,28.4,Fail
STU11133,Male,69.8,2.95,81.1,53.0,65.5,7.3,6,High,Yes,School,31.2,Fail
STU11134,Male,94.6,9.03,79.6,98.9,76.8,7.6,2,Low,Yes,Graduate,49.6,Average
STU11135,Male,76.0,5.37,70.7,82.7,67.1,6.5,5,Low,Yes,Graduate,28.2,Fail
STU11136,Female,93.5,4.44,61.8,67.7,63.3,8.5,1,Low,Yes,School,31.1,Fail
STU11137,Female,78.7,0.82,69.5,58.0,93.7,7.7,6,High,Yes,School,32.0,Fail
STU11138,Female,78.4,4.55,59.7,88.2,38.7,8.6,3,High,Yes,School,29.8,Fail
STU11139,Female,76.9,4.47,65.2,55.5,44.6,7.2,6,Low,Yes,Graduate,31.0,Fail
STU11140,Male,78.0,1.39,98.0,100.0,74.0,6.9,6,Medium,Yes,Postgraduate,47.1,Average
STU11141,Female,98.6,0.8,70.6,62.8,65.6,7.7,2,Medium,Yes,School,31.6,Fail
STU11142,Male,50.2,5.22,74.3,97.8,50.3,8.6,10,Medium,Yes,School,25.9,Fail
STU11143,Male,54.0,5.66,58.1,69.2,55.3,8.1,13,Low,Yes,School,21.7,Fail
STU11144,Female,71.5,1.94,82.3,95.7,57.0,7.2,6,Low,Yes,Graduate,45.3,Average
STU11145,Female,78.2,1.87,78.6,61.0,80.6,5.0,5,Medium,Yes,School,28.3,Fail
STU11146,Female,86.3,3.47,78.7,72.3,84.8,7.9,3,Low,Yes,Graduate,40.3,Average
STU11147,Male,83.7,2.26,71.0,84.1,90.3,5.4,2,Medium,Yes,Graduate,36.3,Fail
STU11148,Male,73.4,0.78,82.5,81.9,48.3,7.0,7,Low,Yes,School,32.8,Fail
STU11149,Female,90.2,1.38,85.8,88.5,51.2,6.9,1,High,Yes,Graduate,46.1,Average
STU11150,Male,90.4,3.92,72.0,64.7,50.3,5.4,3,Medium,Yes,Postgraduate,32.3,Fail
STU11151,Male,80.2,1.45,66.4,73.3,85.8,7.4,6,Medium,No,School,29.1,Fail
STU11152,Female,89.6,5.85,80.5,90.7,74.4,9.4,3,Medium,Yes,Graduate,48.3,Average
STU11153,Male,81.3,4.42,55.3,61.4,70.0,6.7,3,Low,Yes,Graduate,29.4,Fail
STU11154,Male,71.3,4.03,57.9,80.6,72.0,7.8,5,Low,Yes,School,36.5,Fail
STU11155,Male,86.4,3.42,67.3,68.7,68.3,9.6,0,Medium,Yes,Graduate,42.2,Average
STU11156,Male,79.3,1.75,43.6,75.1,54.4,7.9,4,Medium,Yes,School,30.0,Fail
STU11157,Male,78.0,4.84,79.6,73.3,75.7,6.3,6,High,Yes,School,35.7,Fail
STU11158,Male,95.7,1.71,54.5,60.2,66.6,7.3,1,Medium,Yes,Graduate,20.6,Fail
STU11159,Male,48.6,6.07,61.4,68.1,53.4,7.5,9,Medium,Yes,Postgraduate,40.3,Average
STU11160,Male,61.0,8.14,65.0,74.2,76.5,8.6,7,Low,Yes,School,38.3,Fail
STU11161,Male,63.8,3.5,68.6,70.5,63.5,8.3,9,Low,Yes,Graduate,32.3,Fail
STU11162,Female,73.6,7.46,63.2,95.6,72.0,4.0,5,Low,Yes,School,32.7,Fail
STU11163,Male,74.9,1.39,67.1,87.1,67.4,6.1,8,High,Yes,Graduate,24.1,Fail
STU11164,Female,59.9,4.46,67.2,76.3,80.6,6.9,7,Medium,Yes,Graduate,35.7,Fail
STU11165,Female,66.2,3.11,61.7,60.6,71.9,5.9,7,Medium,Yes,Graduate,16.6,Fail
STU11166,Male,67.7,5.28,57.2,59.6,57.5,4.0,6,Medium,Yes,Postgraduate,24.0,Fail
STU11167,Male,100.0,0.5,83.1,100.0,73.2,6.2,3,Low,Yes,Graduate,48.1,Average
STU11168,Female,99.6,5.08,38.5,56.9,73.6,7.0,0,Low,Yes,School,33.2,Fail
STU11169,Male,73.1,1.88,65.1,73.7,75.6,6.4,9,Low,Yes,Postgraduate,29.6,Fail
STU11170,Female,73.6,3.22,61.4,77.4,82.5,5.9,5,Low,Yes,School,39.4,Fail
STU11171,Female,64.2,10.57,73.9,67.3,61.0,7.0,9,Medium,Yes,Graduate,42.2,Average
STU11172,Female,55.1,4.56,47.6,57.0,77.7,7.4,9,Low,Yes,Graduate,12.4,Fail
STU11173,Male,76.6,4.16,61.0,60.2,46.6,6.5,6,Medium,Yes,Postgraduate,26.4,Fail
STU11174,Male,66.0,3.93,66.6,63.8,67.4,8.5,5,High,No,Graduate,42.0,Average
STU11175,Male,77.0,6.48,83.0,61.4,65.4,7.1,5,High,Yes,Graduate,40.3,Average
STU11176,Female,58.8,5.4,72.7,91.9,87.8,6.0,7,Low,Yes,Graduate,48.2,Average
STU11177,Male,68.9,3.96,51.4,71.9,67.0,5.8,7,Medium,Yes,Graduate,31.5,Fail
STU11178,Female,79.8,3.63,61.2,64.1,76.9,6.8,2,Low,Yes,Postgraduate,32.6,Fail
STU11179,Female,82.4,3.46,80.4,73.6,46.1,8.2,3,Low,Yes,School,28.7,Fail
STU11180,Male,83.0,2.99,51.2,82.0,64.4,6.1,5,Medium,Yes,School,30.3,Fail
STU11181,Male,62.2,1.14,66.9,66.8,58.0,7.7,8,Medium,Yes,Graduate,30.5,Fail
STU11182,Female,88.3,4.49,67.9,85.5,100.0,7.1,0,Medium,Yes,School,40.9,Average
STU11183,Male,68.4,2.03,62.6,52.9,60.3,9.2,3,High,Yes,Postgraduate,30.6,Fail
STU11184,Male,85.6,2.73,98.0,89.6,70.0,7.4,4,Low,Yes,School,34.3,Fail
STU11185,Male,77.9,5.65,62.2,71.9,70.6,6.2,7,High,Yes,Graduate,33.8,Fail
STU11186,Male,61.5,3.04,74.3,71.3,48.3,7.8,6,Low,Yes,Graduate,19.1,Fail
STU11187,Male,74.2,2.87,57.3,61.6,62.2,7.8,8,High,Yes,Postgraduate,30.7,Fail
STU11188,Female,82.4,3.5,75.4,53.6,74.3,6.6,4,Medium,Yes,Graduate,32.5,Fail
STU11189,Female,85.4,2.48,80.2,47.0,70.1,5.7,0,Low,Yes,School,37.8,Fail
STU11190,Male,76.3,10.43,59.8,60.6,39.1,7.6,2,Medium,Yes,School,33.5,Fail
STU11191,Male,96.4,9.53,67.2,80.8,61.6,7.1,2,Low,Yes,Graduate,44.6,Average
STU11192,Male,90.1,9.37,55.5,57.6,82.3,5.3,2,Medium,Yes,Postgraduate,35.9,Fail
STU11193,Female,74.9,3.94,52.0,48.8,76.6,7.3,7,Low,Yes,Graduate,27.2,Fail
STU11194,Male,87.0,1.93,82.5,58.4,84.8,6.3,1,High,Yes,Graduate,43.9,Average
STU11195,Other,100.0,5.75,60.2,66.2,56.2,5.3,0,Low,Yes,Graduate,40.8,Average
STU11196,Female,100.0,2.49,34.2,66.8,85.7,6.6,0,High,Yes,Graduate,37.1,Fail
STU11197,Female,63.3,6.08,92.7,70.1,68.4,8.4,7,Low,Yes,Graduate,43.4,Average
STU11198,Male,66.9,1.86,56.8,87.5,89.7,8.3,6,Medium,Yes,School,36.6,Fail
STU11199,Female,95.8,4.14,64.6,90.7,69.0,8.0,0,High,No,School,47.0,Average
STU11200,Male,65.3,6.65,91.0,100.0,42.4,7.3,7,Low,No,Graduate,44.1,Average
STU11201,Female,62.1,2.6,66.0,47.6,80.0,7.7,8,Low,Yes,Graduate,17.4,Fail
STU11202,Female,72.2,2.59,65.7,59.2,63.2,7.1,6,Medium,Yes,School,24.0,Fail
STU11203,Other,83.0,0.88,50.8,82.5,64.1,5.8,5,Medium,Yes,Postgraduate,19.6,Fail
STU11204,Female,76.8,1.91,45.1,65.2,50.1,6.0,3,High,Yes,School,21.6,Fail
STU11205,Female,70.2,3.89,65.7,84.9,90.1,6.3,3,Low,Yes,Graduate,46.9,Average
STU11206,Male,69.9,4.3,73.1,75.1,62.2,8.5,8,High,Yes,Graduate,40.5,Average
STU11207,Male,69.5,4.73,72.3,95.7,89.5,8.2,5,High,Yes,Postgraduate,45.0,Average
STU11208,Female,67.4,0.59,61.3,87.6,63.4,5.8,6,Medium,Yes,Postgraduate,30.1,Fail
STU11209,Female,100.0,2.5,68.3,87.9,56.9,7.1,0,Low,Yes,Graduate,41.2,Average
STU11210,Female,81.6,0.99,42.3,65.8,86.2,6.6,3,Low,Yes,Graduate,27.0,Fail
STU11211,Female,88.6,3.75,74.4,70.5,68.0,6.8,0,High,Yes,Graduate,35.9,Fail
STU11212,Male,72.1,0.73,70.3,67.4,68.2,6.4,5,Medium,Yes,Postgraduate,36.4,Fail
STU11213,Female,75.8,1.26,95.6,49.4,52.3,8.5,6,Medium,Yes,Graduate,27.0,Fail
STU11214,Female,69.4,5.34,68.1,94.1,63.1,7.0,6,High,Yes,Graduate,37.3,Fail
STU11215,Male,46.2,2.09,54.8,83.2,74.6,7.2,12,Low,Yes,School,23.5,Fail
STU11216,Male,61.5,7.5,67.3,66.8,52.1,7.2,7,Medium,Yes,Graduate,31.1,Fail
STU11217,Female,56.3,4.82,63.4,91.6,62.0,5.9,10,Medium,Yes,School,28.2,Fail
STU11218,Male,51.0,2.61,74.1,62.5,63.5,7.1,9,High,Yes,Graduate,26.5,Fail
STU11219,Female,63.7,5.91,68.4,44.4,69.9,8.2,4,Medium,Yes,Graduate,34.1,Fail
STU11220,Female,93.9,2.78,50.4,87.1,88.2,8.6,2,Medium,Yes,School,41.3,Average
STU11221,Female,77.5,5.14,45.1,52.8,65.1,5.7,6,Low,Yes,Graduate,23.9,Fail
STU11222,Male,93.5,1.83,71.7,69.1,60.0,5.3,0,High,Yes,Graduate,36.2,Fail
STU11223,Male,82.9,6.13,87.4,75.1,100.0,7.1,5,Medium,Yes,Postgraduate,49.0,Average
STU11224,Female,87.4,0.8,69.1,77.8,63.4,8.2,1,Medium,Yes,School,27.5,Fail
STU11225,Female,67.2,1.26,79.4,84.7,66.5,7.4,8,High,Yes,School,37.0,Fail
STU11226,Male,84.3,1.45,82.2,80.7,64.3,7.7,6,Low,Yes,Graduate,41.3,Average
STU11227,Male,86.7,1.99,71.7,80.2,65.4,5.5,3,Medium,No,Graduate,36.0,Fail
STU11228,Female,71.1,3.98,56.6,60.1,70.0,6.4,5,High,Yes,School,29.2,Fail
STU11229,Male,84.7,3.16,70.7,76.4,81.0,4.6,3,Medium,Yes,Graduate,33.7,Fail
STU11230,Female,84.8,5.18,84.9,49.4,74.3,6.8,5,High,Yes,Postgraduate,29.9,Fail
STU11231,Female,71.4,6.71,75.4,95.4,83.0,4.6,6,High,Yes,School,42.0,Average
STU11232,Female,64.5,0.72,78.5,51.0,82.6,8.5,10,Medium,Yes,Graduate,19.4,Fail
STU11233,Female,63.8,7.24,61.5,66.8,71.7,8.7,8,Low,No,School,32.0,Fail
STU11234,Female,79.0,2.73,65.2,52.2,73.9,7.2,3,High,Yes,Postgraduate,40.3,Average
STU11235,Male,81.9,9.26,66.3,61.0,83.4,5.3,3,Medium,Yes,Postgraduate,42.5,Average
STU11236,Male,68.5,1.77,67.3,72.2,54.6,7.4,6,Medium,Yes,Graduate,24.8,Fail
STU11237,Male,78.3,0.52,84.4,64.1,100.0,9.0,1,Medium,Yes,Postgraduate,41.0,Average
STU11238,Male,84.8,4.86,35.1,89.2,62.3,7.5,2,Low,Yes,School,30.1,Fail
STU11239,Female,85.4,4.65,68.4,75.4,64.4,8.3,2,Low,Yes,Graduate,39.5,Fail
STU11240,Male,96.6,1.29,66.9,65.1,53.2,6.5,1,Medium,Yes,Graduate,27.3,Fail
STU11241,Male,93.3,1.4,48.8,70.0,53.6,6.0,4,Medium,Yes,Postgraduate,31.0,Fail
STU11242,Female,66.0,5.44,77.4,90.3,81.7,6.9,7,Medium,Yes,Graduate,56.6,Good
STU11243,Male,98.2,4.12,57.9,85.6,98.5,4.9,0,Low,Yes,School,48.2,Average
STU11244,Male,71.6,2.53,63.0,54.9,61.6,9.5,4,Medium,Yes,School,27.9,Fail
STU11245,Female,90.5,4.41,93.9,61.8,73.5,7.2,2,Medium,Yes,School,44.9,Average
STU11246,Male,78.8,3.84,82.1,79.1,71.9,8.0,4,Low,Yes,Postgraduate,39.9,Fail
STU11247,Male,73.1,1.53,76.0,77.3,82.0,6.5,8,Medium,No,Graduate,30.4,Fail
STU11248,Male,56.3,5.71,73.3,56.2,97.8,5.3,10,Medium,Yes,Graduate,38.7,Fail
STU11249,Female,75.9,5.0,65.7,83.2,88.8,8.6,6,Medium,Yes,School,46.9,Average
STU11250,Female,59.3,3.21,96.0,58.6,65.9,5.8,8,Medium,No,Graduate,25.4,Fail
STU11251,Female,89.6,5.44,79.2,91.6,75.9,7.4,4,High,No,Graduate,50.3,Average
STU11252,Male,96.2,9.99,57.5,79.9,77.2,7.5,0,Low,No,Graduate,54.6,Average
STU11253,Female,68.4,1.39,48.4,55.0,68.7,7.1,8,Low,Yes,Graduate,16.0,Fail
STU11254,Male,81.6,2.62,75.9,64.1,54.8,6.1,3,Low,Yes,School,27.9,Fail
STU11255,Female,69.3,2.72,67.2,63.8,58.6,6.8,4,Medium,No,School,29.3,Fail
STU11256,Male,70.5,5.36,48.0,74.4,83.9,6.0,7,High,Yes,Postgraduate,37.1,Fail
STU11257,Male,87.3,1.97,74.0,68.9,85.3,7.9,5,Medium,Yes,Graduate,42.1,Average
STU11258,Male,77.5,5.17,64.2,54.8,66.3,7.6,4,High,No,Graduate,34.7,Fail
STU11259,Male,98.9,2.16,75.4,51.1,72.4,7.0,3,Medium,Yes,Postgraduate,40.1,Average
STU11260,Male,72.2,1.25,74.2,80.2,84.6,6.4,3,Low,Yes,Graduate,34.2,Fail
STU11261,Male,90.0,3.35,59.5,76.3,46.8,9.3,0,Low,Yes,Graduate,29.5,Fail
STU11262,Female,79.2,2.12,76.9,73.6,63.2,5.6,4,Medium,Yes,Graduate,26.0,Fail
STU11263,Female,87.5,3.59,61.0,76.1,95.2,5.3,2,Medium,Yes,School,42.2,Average
STU11264,Female,72.6,4.2,61.9,62.7,72.9,6.9,4,Medium,Yes,School,32.0,Fail
STU11265,Male,77.4,0.77,60.5,74.8,54.3,6.7,5,Medium,Yes,Postgraduate,29.3,Fail
STU11266,Male,76.6,2.32,83.8,100.0,70.5,8.2,4,Medium,Yes,Graduate,40.9,Average
STU11267,Female,68.0,3.35,64.1,89.6,82.3,7.7,6,Low,Yes,School,34.8,Fail
STU11268,Male,85.9,5.46,87.2,67.7,35.9,7.0,3,Medium,No,Postgraduate,38.9,Fail
STU11269,Female,85.8,5.02,93.0,64.1,71.3,7.6,2,Medium,Yes,School,52.2,Average
STU11270,Female,85.1,1.65,57.7,29.1,64.2,7.5,3,High,Yes,Graduate,28.7,Fail
STU11271,Male,96.4,2.82,27.1,88.0,47.7,9.3,0,Low,Yes,Graduate,25.0,Fail
STU11272,Female,95.4,4.35,82.6,83.8,70.1,7.3,0,High,Yes,School,50.9,Average
STU11273,Female,73.5,2.67,63.2,63.8,67.2,6.3,6,Low,No,School,19.4,Fail
STU11274,Female,82.5,1.78,55.9,50.5,68.7,7.2,6,Low,Yes,Graduate,10.6,Fail
STU11275,Male,70.5,3.07,59.8,54.7,64.5,4.1,7,High,No,Graduate,29.7,Fail
STU11276,Male,78.3,4.08,62.2,78.7,55.7,7.0,5,High,Yes,Postgraduate,32.7,Fail
STU11277,Female,70.8,1.52,86.2,70.7,50.1,8.2,5,High,Yes,Postgraduate,40.0,Average
STU11278,Male,97.4,4.67,70.2,82.4,60.0,7.7,0,Low,Yes,School,38.2,Fail
STU11279,Male,82.4,3.49,86.0,73.3,80.2,7.3,5,Low,No,School,34.5,Fail
STU11280,Female,75.4,4.79,74.9,86.5,72.0,7.7,2,Medium,Yes,Graduate,42.0,Average
STU11281,Male,92.3,3.02,63.7,77.5,68.1,8.2,1,High,Yes,Graduate,42.5,Average
STU11282,Female,52.0,9.05,62.5,84.4,55.5,8.6,11,Medium,Yes,School,34.2,Fail
STU11283,Female,53.8,4.02,75.9,40.7,64.1,7.5,8,Low,Yes,School,24.6,Fail
STU11284,Male,87.6,5.15,79.5,53.5,78.6,6.7,3,Medium,Yes,School,37.9,Fail
STU11285,Male,78.7,4.66,82.0,66.5,75.6,4.5,5,Low,Yes,School,34.7,Fail
STU11286,Male,81.0,2.79,64.3,88.2,62.8,8.1,2,Low,Yes,Graduate,32.3,Fail
STU11287,Male,62.1,3.78,70.5,100.0,35.1,7.6,8,Medium,Yes,Postgraduate,38.8,Fail
STU11288,Male,77.7,2.01,76.2,69.5,60.2,7.2,4,Low,Yes,School,23.4,Fail
STU11289,Female,100.0,8.64,62.6,62.8,62.7,6.2,1,Medium,Yes,Graduate,40.3,Average
STU11290,Male,87.9,4.33,52.1,42.7,57.2,8.1,3,Medium,Yes,Graduate,26.7,Fail
STU11291,Male,80.0,1.69,56.7,85.0,63.6,6.7,5,Medium,No,Graduate,41.0,Average
STU11292,Male,72.7,7.42,64.6,63.7,79.6,7.0,6,Medium,Yes,School,41.4,Average
STU11293,Male,73.3,2.89,77.3,100.0,68.5,6.9,6,High,Yes,School,34.7,Fail
STU11294,Female,52.4,5.63,85.6,60.9,81.9,7.5,8,Medium,No,School,38.9,Fail
STU11295,Female,81.1,0.75,49.0,100.0,49.4,5.7,4,High,Yes,Graduate,29.5,Fail
STU11296,Male,88.1,6.57,59.6,83.2,65.0,7.6,1,Medium,Yes,Graduate,45.4,Average
STU11297,Male,59.1,4.21,63.0,56.6,43.8,6.2,10,Medium,Yes,Graduate,23.0,Fail
STU11298,Female,70.1,1.59,79.1,75.5,63.5,6.2,7,High,Yes,Graduate,32.0,Fail
STU11299,Female,64.1,4.16,60.6,83.6,55.4,8.0,8,Low,Yes,School,27.3,Fail
STU11300,Male,66.4,8.1,62.0,68.6,85.7,5.9,9,Low,Yes,School,25.8,Fail
STU11301,Male,78.6,2.06,48.2,84.6,74.3,8.0,4,High,Yes,School,38.6,Fail
STU11302,Male,53.0,2.03,74.8,84.2,82.2,7.1,9,Medium,Yes,School,28.7,Fail
STU11303,Male,85.4,2.76,65.7,80.9,63.4,5.2,2,Low,Yes,School,25.0,Fail
STU11304,Male,87.0,3.33,58.8,71.8,55.7,8.5,0,High,Yes,Postgraduate,35.3,Fail
STU11305,Female,75.0,5.88,64.4,54.4,55.3,7.3,3,Low,Yes,Postgraduate,29.8,Fail
STU11306,Male,48.2,4.37,83.8,70.8,72.5,7.4,11,Medium,Yes,Graduate,28.7,Fail
STU11307,Female,66.0,2.76,53.9,74.6,92.5,8.1,5,Medium,Yes,Graduate,38.4,Fail
STU11308,Female,92.8,3.89,56.2,43.9,74.4,8.6,0,Medium,Yes,Graduate,41.3,Average
STU11309,Female,44.7,8.94,85.5,74.5,64.1,7.2,11,Medium,Yes,Graduate,28.6,Fail
STU11310,Female,73.8,4.88,69.1,70.5,66.5,7.7,5,Low,Yes,Graduate,32.4,Fail
STU11311,Male,63.8,2.97,77.4,52.6,68.6,7.4,9,High,Yes,School,25.3,Fail
STU11312,Female,87.7,2.7,73.6,67.0,95.3,6.6,3,High,Yes,Postgraduate,43.1,Average
STU11313,Female,69.9,3.74,67.5,67.3,85.0,5.3,5,Low,Yes,Graduate,40.8,Average
STU11314,Male,82.8,5.83,63.1,100.0,72.4,7.2,5,Low,Yes,School,36.5,Fail
STU11315,Female,84.8,1.84,79.6,75.3,70.4,8.5,4,Medium,Yes,Graduate,48.3,Average
STU11316,Female,100.0,5.32,84.3,87.5,72.9,7.6,0,Low,Yes,Graduate,51.4,Average
STU11317,Female,75.6,2.93,83.2,70.2,75.4,5.8,5,High,Yes,Postgraduate,47.1,Average
STU11318,Male,82.5,3.25,51.4,43.9,63.6,8.2,2,High,Yes,Graduate,27.2,Fail
STU11319,Female,60.2,12.0,86.3,82.1,58.0,6.7,7,Low,Yes,Graduate,44.1,Average
STU11320,Male,92.3,4.97,63.0,62.1,82.4,4.7,4,High,Yes,School,36.1,Fail
STU11321,Male,68.9,2.18,57.4,67.0,69.3,8.1,6,High,Yes,Graduate,35.4,Fail
STU11322,Male,71.3,4.2,65.6,56.2,81.3,6.0,5,Medium,Yes,School,31.8,Fail
STU11323,Female,77.7,6.02,79.6,73.1,90.4,9.0,5,High,Yes,School,48.9,Average
STU11324,Female,59.2,5.01,75.6,88.0,75.8,8.3,9,Low,Yes,Graduate,40.6,Average
STU11325,Male,80.7,0.5,64.4,86.0,73.7,6.7,3,High,Yes,Graduate,30.6,Fail
STU11326,Male,89.6,3.15,79.7,95.8,100.0,7.5,1,Low,Yes,Graduate,53.4,Average
STU11327,Male,81.5,4.33,70.0,97.9,71.7,9.7,5,Medium,Yes,Graduate,42.9,Average
STU11328,Male,58.9,4.1,60.0,41.3,54.8,8.1,6,Medium,Yes,School,28.3,Fail
STU11329,Male,76.5,2.31,58.1,54.1,65.3,7.3,6,Low,Yes,Graduate,26.1,Fail
STU11330,Male,86.9,5.07,73.7,44.9,89.2,10.0,0,Medium,Yes,Graduate,50.3,Average
STU11331,Male,55.5,6.59,66.8,81.5,52.2,7.1,9,Medium,Yes,Graduate,21.3,Fail
STU11332,Male,65.1,0.8,48.7,61.6,59.2,7.6,5,Medium,Yes,Graduate,23.8,Fail
STU11333,Female,88.5,0.73,79.9,64.7,83.4,6.0,1,Medium,Yes,School,36.4,Fail
STU11334,Male,81.2,4.18,61.3,68.8,65.5,5.2,6,Low,Yes,School,19.8,Fail
STU11335,Female,82.9,5.34,90.3,77.7,67.6,6.7,5,Low,Yes,Postgraduate,45.0,Average
STU11336,Male,100.0,2.06,48.4,49.7,83.0,7.0,2,Low,Yes,School,20.8,Fail
STU11337,Male,83.6,0.5,65.5,53.1,59.7,7.4,1,High,Yes,School,30.4,Fail
STU11338,Male,85.9,3.19,58.2,72.0,49.9,5.4,1,Medium,Yes,School,35.7,Fail
STU11339,Male,100.0,4.14,54.3,90.0,50.9,7.7,1,Medium,Yes,Graduate,30.5,Fail
STU11340,Male,75.4,2.6,61.2,71.6,76.6,6.1,6,Medium,Yes,Graduate,31.0,Fail
STU11341,Female,68.4,6.12,92.8,60.1,72.4,7.7,5,Medium,Yes,Graduate,43.0,Average
STU11342,Male,83.1,3.97,70.0,39.8,60.0,8.0,3,Low,Yes,Postgraduate,21.4,Fail
STU11343,Male,83.3,1.9,56.9,86.3,53.9,6.6,2,Low,Yes,School,32.3,Fail
STU11344,Male,71.7,2.05,42.4,61.0,65.5,5.9,8,Medium,Yes,School,20.1,Fail
STU11345,Male,65.6,3.24,43.9,54.8,83.5,8.7,6,Low,Yes,Postgraduate,36.2,Fail
STU11346,Female,100.0,2.47,60.5,46.3,58.1,8.0,0,High,Yes,Graduate,36.1,Fail
STU11347,Male,81.9,0.68,59.1,50.4,60.4,7.2,4,Low,Yes,Postgraduate,18.9,Fail
STU11348,Male,69.2,3.74,64.9,57.6,53.5,8.6,8,Medium,Yes,Graduate,30.0,Fail
STU11349,Female,89.0,2.09,36.2,68.4,64.2,7.1,1,Medium,Yes,School,31.8,Fail
STU11350,Male,76.7,2.37,66.7,53.9,73.4,6.3,6,Medium,Yes,Postgraduate,27.7,Fail
STU11351,Male,75.0,1.38,82.4,74.8,96.5,5.9,3,High,Yes,School,44.4,Average
STU11352,Female,84.7,8.23,90.7,68.3,71.8,6.9,5,Medium,Yes,Graduate,38.1,Fail
STU11353,Male,62.5,4.78,41.5,100.0,68.3,7.8,5,Low,Yes,School,36.5,Fail
STU11354,Female,82.2,9.51,56.8,46.4,80.2,8.5,3,Medium,Yes,Graduate,46.9,Average
STU11355,Female,100.0,2.59,56.0,74.4,78.1,7.0,2,Low,Yes,Graduate,23.9,Fail
STU11356,Male,83.6,4.96,70.0,74.6,61.5,8.3,4,Low,Yes,School,38.4,Fail
STU11357,Male,73.5,3.79,50.9,56.5,98.9,6.8,6,Medium,Yes,Postgraduate,23.4,Fail
STU11358,Male,71.9,1.95,91.6,73.4,68.7,6.1,4,Low,Yes,School,31.3,Fail
STU11359,Female,73.1,2.57,68.6,83.5,72.1,5.6,4,Low,Yes,Graduate,36.1,Fail
STU11360,Male,75.0,4.78,66.3,73.4,76.2,6.4,7,Medium,Yes,School,33.4,Fail
STU11361,Female,73.5,1.38,90.3,92.8,73.5,5.6,6,Medium,Yes,Graduate,45.9,Average
STU11362,Male,89.0,6.15,67.8,39.3,88.8,9.2,4,High,No,Graduate,42.0,Average
STU11363,Female,57.2,3.58,73.6,59.4,61.3,7.5,9,Low,Yes,Graduate,25.1,Fail
STU11364,Other,88.3,5.64,57.5,94.1,79.2,6.9,2,Medium,Yes,Graduate,50.8,Average
STU11365,Male,73.4,4.15,48.8,85.7,71.1,8.9,6,Medium,Yes,Graduate,32.9,Fail
STU11366,Male,82.5,0.8,59.5,80.1,81.8,5.6,4,High,Yes,Postgraduate,33.8,Fail
STU11367,Male,64.5,3.15,98.0,90.5,66.2,6.8,7,Low,Yes,Postgraduate,41.5,Average
STU11368,Female,93.9,6.24,76.9,43.3,64.4,9.2,0,Medium,Yes,School,42.5,Average
STU11369,Male,92.9,3.54,71.8,83.9,78.5,6.8,3,Medium,Yes,Graduate,50.0,Average
STU11370,Female,89.5,3.21,54.3,88.0,73.7,9.7,3,Low,Yes,School,34.2,Fail
STU11371,Female,59.8,3.54,80.8,62.1,58.3,7.9,7,Low,Yes,School,23.4,Fail
STU11372,Female,87.9,0.63,49.0,100.0,86.5,8.4,4,Medium,Yes,Graduate,32.8,Fail
STU11373,Female,82.9,6.65,46.1,74.9,78.5,8.5,4,Low,Yes,Graduate,27.0,Fail
STU11374,Female,58.7,0.5,60.2,39.1,68.0,7.0,9,Low,Yes,Graduate,21.6,Fail
STU11375,Male,77.7,7.54,95.4,77.7,62.9,6.5,6,Medium,Yes,Graduate,43.1,Average
STU11376,Male,82.4,2.45,94.6,61.2,73.7,6.9,5,Low,Yes,Graduate,37.5,Fail
STU11377,Female,84.7,4.34,61.7,89.5,77.6,5.9,4,Low,Yes,Postgraduate,47.0,Average
STU11378,Female,80.1,0.57,58.6,80.2,48.3,6.9,4,Medium,Yes,School,23.8,Fail
STU11379,Female,81.5,5.3,45.0,63.0,73.9,7.0,7,High,Yes,Graduate,33.3,Fail
STU11380,Male,95.7,4.73,69.1,94.5,77.5,8.9,0,Medium,Yes,School,42.9,Average
STU11381,Male,92.7,4.54,70.3,86.1,38.4,7.7,3,Low,Yes,School,41.8,Average
STU11382,Male,43.6,0.55,79.1,59.6,71.6,9.6,11,Low,Yes,Postgraduate,23.4,Fail
STU11383,Male,74.2,1.75,80.7,69.7,78.0,4.6,6,High,Yes,School,26.9,Fail
STU11384,Male,76.0,4.16,65.2,79.8,76.6,5.7,7,Medium,Yes,School,28.2,Fail
STU11385,Male,57.0,6.54,75.8,66.5,79.4,6.6,8,Medium,Yes,Graduate,45.5,Average
STU11386,Male,79.1,1.55,58.2,67.0,64.7,8.6,5,Low,Yes,School,23.1,Fail
STU11387,Male,93.0,1.58,75.5,72.6,55.5,6.9,2,Low,Yes,Graduate,29.3,Fail
STU11388,Male,65.0,3.98,60.9,56.0,45.6,5.4,6,Low,Yes,Postgraduate,18.3,Fail
STU11389,Female,82.0,12.0,74.4,38.5,83.2,6.7,5,High,Yes,Graduate,48.1,Average
STU11390,Female,67.0,1.98,73.3,75.6,78.1,5.7,8,High,Yes,Graduate,32.6,Fail
STU11391,Male,69.9,2.43,69.0,42.2,84.2,5.5,5,Low,Yes,Graduate,28.4,Fail
STU11392,Female,95.7,2.17,79.1,57.1,59.6,9.2,3,Medium,Yes,Postgraduate,41.0,Average
STU11393,Male,71.5,2.94,46.0,45.4,79.4,6.6,4,High,Yes,School,26.4,Fail
STU11394,Female,83.5,6.87,53.1,47.3,49.5,7.2,3,High,Yes,Graduate,29.6,Fail
STU11395,Female,55.5,3.05,64.2,78.4,57.7,6.9,8,Medium,Yes,Graduate,36.6,Fail
STU11396,Male,100.0,12.0,47.8,68.7,70.6,6.7,1,Low,Yes,Graduate,44.2,Average
STU11397,Male,85.2,3.45,62.3,68.1,77.6,6.1,2,High,Yes,School,42.2,Average
STU11398,Female,75.8,7.29,62.8,52.3,90.8,6.7,6,Low,Yes,Graduate,34.0,Fail
STU11399,Female,84.9,2.57,86.3,62.2,65.9,7.4,4,Low,No,Graduate,28.2,Fail
STU11400,Male,61.1,1.14,70.0,77.6,57.7,8.6,7,Low,Yes,Graduate,18.1,Fail
STU11401,Female,92.2,3.05,82.4,71.2,57.1,8.0,4,Medium,Yes,School,40.2,Average
STU11402,Male,74.1,4.59,72.2,84.3,60.1,5.7,4,Low,Yes,School,38.9,Fail
STU11403,Female,75.6,1.77,60.5,86.5,97.9,8.1,3,Medium,Yes,Graduate,35.2,Fail
STU11404,Male,72.1,6.58,69.9,68.2,78.8,7.5,7,High,Yes,Graduate,36.2,Fail
STU11405,Male,71.0,2.25,78.2,44.2,83.5,6.3,3,Medium,Yes,Postgraduate,36.2,Fail
STU11406,Male,86.3,1.38,84.7,60.7,65.9,7.2,5,High,Yes,Graduate,36.2,Fail
STU11407,Female,81.1,11.92,66.1,70.5,69.0,7.6,4,High,Yes,School,45.2,Average
STU11408,Male,85.8,1.69,44.9,60.4,78.1,7.1,1,Medium,Yes,Graduate,23.3,Fail
STU11409,Female,77.9,2.2,44.0,56.2,62.4,7.5,3,Medium,Yes,Graduate,25.8,Fail
STU11410,Female,84.2,5.1,63.4,73.0,65.2,6.1,1,High,Yes,Graduate,42.2,Average
STU11411,Male,73.0,2.5,35.3,100.0,60.2,9.2,6,Medium,Yes,Graduate,31.3,Fail
STU11412,Female,100.0,1.42,93.1,64.7,63.2,4.9,0,Low,Yes,School,37.5,Fail
STU11413,Female,59.2,2.04,76.4,72.0,69.6,7.6,9,High,Yes,School,23.6,Fail
STU11414,Female,93.1,9.91,59.1,52.3,58.3,7.4,1,Medium,Yes,School,42.6,Average
STU11415,Male,94.4,4.7,52.5,90.7,72.7,7.7,0,High,Yes,School,43.8,Average
STU11416,Male,67.8,5.32,82.4,85.1,72.7,6.2,7,Medium,Yes,Graduate,34.5,Fail
STU11417,Other,100.0,3.85,52.4,84.1,66.7,8.3,1,Low,Yes,School,35.9,Fail
STU11418,Female,89.9,4.3,53.7,92.4,58.2,6.9,4,Medium,Yes,Postgraduate,39.5,Fail
STU11419,Female,89.7,2.36,57.3,65.6,70.4,5.7,1,Medium,Yes,School,30.5,Fail
STU11420,Male,78.3,3.53,69.6,67.5,62.4,5.8,4,Medium,Yes,Graduate,23.0,Fail
STU11421,Male,75.4,0.5,76.7,97.6,69.6,7.1,4,High,Yes,Graduate,35.4,Fail
STU11422,Male,75.5,5.99,84.7,81.5,83.3,5.2,5,Medium,Yes,School,40.4,Average
STU11423,Female,82.7,2.35,82.6,38.7,52.7,9.0,2,Low,Yes,Graduate,34.2,Fail
STU11424,Female,94.8,1.23,68.0,78.8,97.3,8.2,0,Medium,Yes,Postgraduate,60.2,Good
STU11425,Male,80.2,3.67,82.3,63.3,68.1,9.0,3,Low,Yes,Postgraduate,41.5,Average
STU11426,Male,67.1,2.78,58.6,85.5,74.4,8.9,7,Medium,Yes,School,26.2,Fail
STU11427,Male,87.9,5.85,42.5,78.1,59.2,6.6,2,Low,Yes,Graduate,31.3,Fail
STU11428,Male,89.1,3.09,58.6,45.9,83.8,6.0,3,Low,Yes,School,28.6,Fail
STU11429,Male,85.9,2.0,56.7,76.0,67.4,4.1,3,High,Yes,Graduate,33.6,Fail
STU11430,Male,86.9,3.15,59.2,75.2,63.9,6.6,2,Low,Yes,School,37.2,Fail
STU11431,Female,74.7,7.83,54.6,77.5,61.5,8.9,5,Medium,Yes,Postgraduate,47.3,Average
STU11432,Male,66.9,5.97,61.5,80.6,65.5,6.1,5,Medium,Yes,Graduate,37.7,Fail
STU11433,Female,67.6,4.69,76.7,94.4,74.4,6.8,7,Low,Yes,School,37.4,Fail
STU11434,Female,58.4,6.14,92.0,78.2,71.2,6.4,8,High,Yes,Postgraduate,50.3,Average
STU11435,Male,80.8,4.93,43.8,72.3,68.5,7.4,4,Low,No,Graduate,27.0,Fail
STU11436,Female,77.0,1.59,50.0,89.2,59.8,8.4,5,Medium,Yes,School,28.5,Fail
STU11437,Male,72.7,5.35,56.9,100.0,59.0,5.3,8,Medium,Yes,Graduate,31.9,Fail
STU11438,Male,42.5,6.61,78.7,85.7,63.0,5.5,12,Medium,Yes,Graduate,20.9,Fail
STU11439,Male,63.0,6.85,65.1,75.1,75.0,8.6,8,Low,Yes,Graduate,43.0,Average
STU11440,Male,91.5,1.32,57.9,78.5,77.6,7.8,1,High,Yes,School,40.0,Fail
STU11441,Female,70.0,2.21,78.0,75.8,79.4,6.7,7,High,Yes,School,22.6,Fail
STU11442,Female,82.3,1.96,81.4,72.3,69.0,8.9,3,Medium,Yes,School,44.2,Average
STU11443,Female,61.3,2.55,67.7,100.0,74.0,5.5,5,Medium,Yes,Postgraduate,34.4,Fail
STU11444,Female,95.3,4.37,56.6,60.8,66.8,8.0,1,Medium,Yes,School,41.0,Average
STU11445,Female,76.3,3.6,71.8,89.3,46.4,6.9,5,Medium,No,Graduate,33.5,Fail
STU11446,Female,81.5,3.6,64.7,70.1,66.2,7.7,2,Medium,Yes,Postgraduate,31.2,Fail
STU11447,Female,100.0,1.03,64.6,49.8,64.1,4.4,0,Low,Yes,Postgraduate,28.7,Fail
STU11448,Female,96.2,2.14,60.8,69.2,55.5,6.7,1,Medium,Yes,Graduate,28.9,Fail
STU11449,Male,74.3,7.18,80.9,63.8,61.6,7.8,5,Low,Yes,Graduate,33.8,Fail
STU11450,Male,70.9,6.6,71.5,80.7,70.8,6.9,8,Low,Yes,Postgraduate,42.9,Average
STU11451,Male,74.1,3.06,82.5,73.4,54.3,8.4,3,Medium,Yes,Graduate,40.1,Average
STU11452,Male,84.1,5.36,86.7,56.7,59.8,8.3,6,Low,Yes,Graduate,46.3,Average
STU11453,Female,76.7,4.11,74.4,94.1,89.1,5.9,5,Medium,Yes,School,40.7,Average
STU11454,Female,73.3,5.75,60.9,88.4,48.2,7.9,6,Medium,Yes,School,28.5,Fail
STU11455,Other,95.6,5.51,82.6,95.8,66.6,5.9,1,Low,Yes,Graduate,51.9,Average
STU11456,Male,76.6,3.23,74.5,75.6,53.8,7.1,2,Low,Yes,School,28.0,Fail
STU11457,Male,100.0,4.71,98.0,71.5,59.2,7.7,0,Low,Yes,School,46.2,Average
STU11458,Male,79.1,4.29,72.3,82.6,66.4,6.1,3,Medium,Yes,School,40.3,Average
STU11459,Female,99.4,3.29,77.8,63.3,56.2,7.9,2,Low,Yes,Graduate,37.7,Fail
STU11460,Female,82.3,2.81,72.1,74.0,76.5,6.4,1,Medium,Yes,Graduate,37.4,Fail
STU11461,Female,89.6,9.07,66.6,69.4,86.6,6.4,1,Medium,Yes,School,41.6,Average
STU11462,Female,69.3,3.3,64.4,50.1,79.9,7.8,6,Medium,Yes,Graduate,35.5,Fail
STU11463,Male,67.8,5.15,72.1,73.9,82.3,6.1,7,Low,Yes,School,32.0,Fail
STU11464,Male,83.5,8.64,75.3,65.4,51.1,6.0,4,Low,Yes,Graduate,42.0,Average
STU11465,Female,89.9,4.7,84.2,68.4,65.8,8.1,1,Low,Yes,School,45.1,Average
STU11466,Male,78.5,4.56,72.3,77.5,75.1,7.1,2,Low,Yes,Graduate,45.9,Average
STU11467,Male,62.6,3.31,61.5,91.1,80.3,5.4,8,High,Yes,Postgraduate,32.5,Fail
STU11468,Male,61.7,4.34,63.4,59.3,91.8,7.9,10,Low,No,School,25.4,Fail
STU11469,Female,60.9,2.64,49.5,67.0,82.9,6.6,7,Low,Yes,Postgraduate,19.1,Fail
STU11470,Other,56.8,12.0,91.3,60.5,80.7,5.5,7,High,Yes,Postgraduate,47.0,Average
STU11471,Male,79.3,1.05,60.4,59.5,100.0,4.2,3,High,Yes,Postgraduate,34.7,Fail
STU11472,Male,91.5,2.94,81.5,63.1,70.3,8.0,2,Medium,Yes,Postgraduate,39.3,Fail
STU11473,Female,77.8,4.75,71.9,69.1,65.2,6.1,4,Medium,No,Graduate,36.5,Fail
STU11474,Male,50.9,4.57,72.3,80.8,71.3,5.6,12,Low,Yes,School,32.6,Fail
STU11475,Female,75.7,2.64,66.4,76.8,57.1,7.7,6,High,Yes,School,28.2,Fail
STU11476,Female,76.0,0.73,57.0,56.1,69.9,7.9,5,Medium,Yes,School,17.5,Fail
STU11477,Male,100.0,1.22,54.4,91.4,46.6,6.1,0,Medium,Yes,Graduate,31.0,Fail
STU11478,Male,60.5,3.78,92.2,86.2,62.1,8.0,7,Low,Yes,Postgraduate,32.2,Fail
STU11479,Male,73.3,0.53,69.6,58.5,67.5,9.3,5,Medium,Yes,School,35.1,Fail
STU11480,Male,98.5,4.98,83.8,90.4,81.3,8.5,0,Medium,Yes,Graduate,56.8,Good
STU11481,Male,83.4,6.95,87.4,76.9,83.4,8.3,4,Low,No,Postgraduate,46.8,Average
STU11482,Male,84.8,5.56,62.2,69.7,56.5,7.3,3,Medium,Yes,School,32.2,Fail
STU11483,Male,79.4,6.29,73.9,77.4,96.0,6.5,2,Low,Yes,School,39.5,Fail
STU11484,Female,82.0,0.55,68.6,71.6,70.9,6.9,5,Medium,Yes,School,35.0,Fail
STU11485,Male,87.3,2.72,51.8,80.2,72.1,7.5,3,Low,Yes,School,40.5,Average
STU11486,Male,68.3,1.49,65.4,74.8,48.0,5.6,7,High,Yes,Graduate,16.0,Fail
STU11487,Male,88.5,0.86,76.2,66.9,60.9,6.2,3,Medium,Yes,Graduate,38.3,Fail
STU11488,Female,61.5,2.31,61.0,41.6,82.6,5.4,7,Medium,Yes,Graduate,21.3,Fail
STU11489,Male,81.9,8.51,63.5,79.9,71.2,7.3,6,Medium,Yes,School,48.5,Average
STU11490,Male,80.1,9.99,65.6,66.4,70.4,7.1,4,Medium,Yes,Graduate,35.8,Fail
STU11491,Female,70.6,1.66,97.6,83.7,72.0,6.3,8,Low,Yes,School,36.5,Fail
STU11492,Female,77.7,3.46,42.3,79.2,50.2,7.9,3,Medium,Yes,Graduate,25.8,Fail
STU11493,Female,70.5,4.3,75.0,66.8,67.7,5.9,8,Low,Yes,School,32.1,Fail
STU11494,Female,65.1,2.73,64.5,87.3,87.3,6.2,6,Low,Yes,Graduate,33.9,Fail
STU11495,Male,73.8,7.27,59.0,75.1,83.1,7.9,9,High,Yes,Graduate,40.2,Average
STU11496,Male,64.8,2.34,64.1,74.5,67.4,8.0,6,Low,No,School,24.8,Fail
STU11497,Male,81.9,2.05,77.3,69.9,89.3,6.1,5,High,Yes,Graduate,47.2,Average
STU11498,Female,64.2,1.73,78.1,97.3,52.6,7.3,7,High,No,Graduate,31.2,Fail
STU11499,Female,86.5,2.72,70.6,61.3,56.4,6.1,4,Medium,Yes,Postgraduate,36.8,Fail
STU11500,Female,63.8,0.5,83.3,67.2,93.2,6.8,7,Low,Yes,Postgraduate,36.9,Fail
STU11501,Male,71.2,2.81,85.8,53.4,76.5,7.2,4,Medium,Yes,School,39.5,Fail
STU11502,Female,70.5,3.61,79.4,82.9,65.2,7.6,2,High,Yes,Graduate,36.6,Fail
STU11503,Female,93.9,3.77,60.4,63.3,68.3,7.3,5,Medium,Yes,School,36.8,Fail
STU11504,Male,82.0,1.42,74.9,64.9,58.5,7.3,4,Low,Yes,Graduate,32.0,Fail
STU11505,Male,75.5,3.72,75.0,64.2,72.6,5.8,0,Low,Yes,School,28.5,Fail
STU11506,Male,84.0,3.67,56.6,72.9,71.6,7.4,4,Medium,Yes,Graduate,34.1,Fail
STU11507,Male,52.7,3.73,46.0,53.2,69.3,7.6,10,Low,Yes,Postgraduate,29.5,Fail
STU11508,Female,77.5,5.63,39.7,38.4,53.9,7.8,3,Low,Yes,Graduate,19.7,Fail
STU11509,Male,100.0,1.37,69.0,78.9,72.4,6.2,0,Medium,Yes,Postgraduate,39.5,Fail
STU11510,Female,79.6,2.76,72.2,40.3,62.1,8.0,4,Medium,Yes,School,30.7,Fail
STU11511,Male,78.8,0.68,51.5,84.8,56.2,5.6,6,Low,Yes,Postgraduate,20.0,Fail
STU11512,Male,84.6,5.3,82.6,95.4,85.5,6.5,3,High,Yes,Graduate,52.7,Average
STU11513,Female,88.7,1.55,70.1,69.5,97.2,6.7,4,Low,Yes,Graduate,36.0,Fail
STU11514,Female,54.0,6.2,86.9,91.5,94.3,5.6,11,Low,Yes,School,41.6,Average
STU11515,Female,57.8,6.34,73.2,71.6,77.5,6.7,8,Low,Yes,Graduate,34.4,Fail
STU11516,Female,80.5,2.96,53.1,96.0,65.5,7.2,2,Low,Yes,Graduate,44.3,Average
STU11517,Female,69.4,2.84,74.4,65.2,68.1,5.0,6,Medium,No,School,26.9,Fail
STU11518,Male,93.7,0.97,77.4,36.5,74.3,6.6,2,Low,No,Postgraduate,29.2,Fail
STU11519,Female,74.2,3.38,60.3,70.8,63.5,5.1,5,High,Yes,Graduate,34.2,Fail
STU11520,Male,54.8,5.6,47.8,97.6,86.1,9.2,10,High,Yes,Postgraduate,30.7,Fail
STU11521,Female,62.8,4.05,69.4,80.0,42.5,7.2,9,Low,Yes,School,32.2,Fail
STU11522,Female,45.0,7.83,54.0,64.3,65.2,7.1,12,Medium,Yes,Graduate,20.6,Fail
STU11523,Male,75.2,2.52,83.7,76.9,79.4,7.3,5,Medium,Yes,School,45.0,Average
STU11524,Male,75.7,2.52,62.3,86.6,58.0,7.7,6,High,Yes,School,38.2,Fail
STU11525,Female,72.9,1.64,92.1,70.7,65.9,8.1,9,Low,Yes,School,29.6,Fail
STU11526,Male,90.9,11.15,38.3,100.0,76.7,5.3,0,Medium,No,School,43.4,Average
STU11527,Female,92.4,0.96,69.9,64.2,88.7,8.4,2,Low,Yes,Graduate,38.1,Fail
STU11528,Female,76.0,5.34,88.0,87.0,52.2,8.4,8,Low,Yes,School,41.6,Average
STU11529,Male,52.4,5.68,55.5,83.4,51.2,6.9,8,High,Yes,School,20.7,Fail
STU11530,Female,85.4,5.52,65.8,61.5,56.7,6.9,4,Low,Yes,Graduate,32.7,Fail
STU11531,Female,84.7,1.76,62.4,65.6,49.0,4.0,5,Medium,Yes,Graduate,21.8,Fail
STU11532,Male,81.7,2.95,58.4,87.3,49.9,5.6,1,Low,No,Graduate,23.0,Fail
STU11533,Male,89.8,4.85,71.4,74.2,56.4,7.6,3,High,Yes,Graduate,35.5,Fail
STU11534,Female,64.0,2.08,49.9,77.1,85.0,8.3,7,Medium,Yes,School,28.7,Fail
STU11535,Female,100.0,2.66,66.4,47.5,64.9,7.8,0,Low,Yes,Graduate,35.0,Fail
STU11536,Female,66.5,2.11,75.2,81.8,69.4,6.9,6,Medium,Yes,Graduate,30.3,Fail
STU11537,Female,87.0,3.55,65.0,76.3,56.6,9.1,5,Low,Yes,School,33.5,Fail
STU11538,Female,57.8,3.39,54.0,71.0,77.2,8.1,8,Low,No,School,19.8,Fail
STU11539,Male,66.8,8.72,82.4,77.4,93.4,6.6,6,Medium,Yes,Postgraduate,57.6,Good
STU11540,Male,96.2,4.92,78.2,65.9,57.5,9.4,0,High,Yes,School,44.5,Average
STU11541,Female,74.9,1.18,53.4,63.1,91.4,5.8,5,Medium,Yes,School,32.1,Fail
STU11542,Male,88.1,1.26,49.9,68.4,73.7,5.4,1,Low,Yes,School,17.2,Fail
STU11543,Other,80.8,5.4,54.7,65.0,69.2,6.5,3,Low,Yes,Postgraduate,35.1,Fail
STU11544,Male,76.7,3.36,75.6,100.0,74.2,6.2,5,Medium,Yes,Graduate,45.0,Average
STU11545,Male,94.4,10.74,71.9,85.7,74.1,6.6,2,Low,Yes,Postgraduate,53.7,Average
STU11546,Female,75.2,10.72,79.1,57.5,93.1,7.9,7,Medium,Yes,Postgraduate,49.3,Average
STU11547,Male,56.6,1.64,63.4,100.0,75.8,7.0,9,Medium,Yes,Graduate,30.2,Fail
STU11548,Male,68.4,4.09,55.1,65.5,76.0,7.0,6,High,Yes,School,32.8,Fail
STU11549,Female,84.6,1.28,80.9,72.4,63.5,7.1,2,Medium,No,School,28.2,Fail
STU11550,Female,82.7,5.34,60.3,85.5,79.9,4.5,4,High,Yes,Postgraduate,44.0,Average
STU11551,Male,59.2,9.52,70.6,42.5,56.6,5.3,8,Medium,Yes,Postgraduate,32.7,Fail
STU11552,Male,69.3,3.71,46.3,68.4,70.4,6.6,6,Medium,Yes,Postgraduate,26.1,Fail
STU11553,Female,71.0,2.46,60.0,63.4,100.0,6.1,6,Low,Yes,Postgraduate,30.9,Fail
STU11554,Male,73.6,4.38,82.1,75.1,36.4,6.7,6,Medium,Yes,Graduate,33.1,Fail
STU11555,Male,61.5,6.08,58.0,77.6,72.0,8.5,8,Low,Yes,Graduate,41.2,Average
STU11556,Male,70.5,6.1,79.4,70.8,72.5,6.9,6,Low,Yes,Graduate,40.6,Average
STU11557,Female,69.3,2.48,35.4,70.1,66.0,5.5,5,Medium,Yes,Graduate,15.5,Fail
STU11558,Male,87.3,2.04,60.2,88.0,66.3,6.1,2,Low,Yes,School,29.7,Fail
STU11559,Female,87.7,3.94,65.6,76.5,70.2,8.9,4,High,Yes,School,33.9,Fail
STU11560,Male,76.3,2.6,92.4,72.6,65.7,8.7,4,High,Yes,School,31.7,Fail
STU11561,Female,73.3,7.27,51.6,74.2,71.9,7.7,3,Medium,Yes,School,31.1,Fail
STU11562,Male,79.7,2.58,77.4,99.5,62.7,5.3,6,Medium,Yes,School,36.5,Fail
STU11563,Male,68.2,3.52,82.8,74.6,95.3,7.3,5,Low,Yes,Graduate,48.1,Average
STU11564,Female,64.2,4.31,57.9,64.3,65.7,7.4,7,Low,Yes,Graduate,31.3,Fail
STU11565,Male,66.7,1.0,62.8,43.4,76.4,7.0,7,Low,Yes,Graduate,15.1,Fail
STU11566,Female,70.4,2.18,70.0,50.5,60.3,6.4,6,Medium,Yes,Graduate,21.3,Fail
STU11567,Female,64.0,10.45,47.3,65.0,81.1,6.6,3,High,Yes,Graduate,35.5,Fail
STU11568,Male,79.9,5.91,61.6,70.4,78.5,6.3,5,Low,No,Graduate,21.9,Fail
STU11569,Female,86.8,2.55,85.9,63.7,74.5,5.7,5,Low,Yes,Graduate,35.6,Fail
STU11570,Female,59.0,5.36,75.3,77.3,55.6,8.5,9,Low,Yes,School,34.4,Fail
STU11571,Male,78.3,7.2,65.8,63.5,59.2,8.0,1,Medium,Yes,Graduate,39.4,Fail
STU11572,Male,75.4,2.86,69.6,58.3,90.9,6.7,8,Low,Yes,Graduate,25.4,Fail
STU11573,Female,82.1,5.73,76.1,81.2,59.1,7.4,2,Medium,Yes,School,37.7,Fail
STU11574,Male,77.8,5.21,78.8,92.5,77.3,7.4,3,Low,Yes,Postgraduate,45.4,Average
STU11575,Female,60.6,1.29,60.2,55.4,56.7,9.6,9,Low,Yes,School,21.6,Fail
STU11576,Male,62.9,2.87,89.5,75.7,82.1,8.0,8,Medium,Yes,Graduate,39.1,Fail
STU11577,Female,78.4,8.87,86.4,43.4,60.1,7.9,4,High,Yes,Postgraduate,48.3,Average
STU11578,Male,90.3,10.26,77.5,49.9,56.5,7.0,1,Low,No,Graduate,42.8,Average
STU11579,Male,51.4,5.94,56.2,63.2,59.7,6.5,12,Low,Yes,Graduate,21.5,Fail
STU11580,Female,82.1,2.12,53.7,89.0,61.8,8.5,4,Low,Yes,Graduate,27.2,Fail
STU11581,Male,92.3,0.5,63.4,60.3,74.3,7.7,0,Medium,Yes,School,29.7,Fail
STU11582,Male,76.2,1.9,68.9,59.8,69.9,6.1,7,Medium,Yes,Graduate,22.0,Fail
STU11583,Female,84.6,1.15,43.2,72.5,54.8,7.5,3,Medium,Yes,Graduate,28.0,Fail
STU11584,Male,69.6,9.28,74.9,72.6,68.6,7.9,8,Medium,Yes,School,40.5,Average
STU11585,Male,76.6,0.67,86.0,60.2,54.1,4.7,6,High,No,School,6.3,Fail
STU11586,Female,58.5,1.33,76.1,100.0,77.4,6.0,12,Low,No,Postgraduate,31.5,Fail
STU11587,Female,49.9,3.89,58.5,68.0,79.7,7.4,10,Low,No,School,26.3,Fail
STU11588,Male,89.3,3.34,56.9,73.7,68.7,4.9,2,Medium,Yes,Postgraduate,30.5,Fail
STU11589,Female,66.2,8.59,72.2,66.0,72.5,5.1,8,Medium,Yes,School,38.1,Fail
STU11590,Female,72.5,5.0,65.9,78.6,91.8,6.7,5,Low,Yes,Graduate,38.3,Fail
STU11591,Male,61.4,3.02,74.2,90.5,67.0,7.5,9,High,Yes,Graduate,24.1,Fail
STU11592,Female,61.1,7.36,76.4,97.0,56.7,7.6,3,Medium,Yes,Graduate,54.3,Average
STU11593,Male,75.9,2.5,83.3,60.6,76.5,8.7,5,High,Yes,Graduate,38.6,Fail
STU11594,Female,69.2,9.04,52.2,88.5,54.3,7.1,6,High,Yes,School,37.0,Fail
STU11595,Female,82.5,1.7,71.1,80.2,66.3,6.6,3,Medium,Yes,Graduate,32.7,Fail
STU11596,Male,83.4,3.26,62.9,86.6,61.2,5.6,2,High,Yes,Graduate,34.7,Fail
STU11597,Male,81.9,0.5,66.6,70.6,59.9,6.6,5,Medium,No,Graduate,27.6,Fail
STU11598,Male,80.9,6.14,80.1,69.2,65.7,7.8,3,Medium,Yes,Graduate,39.1,Fail
STU11599,Male,96.9,3.74,81.6,86.0,80.7,7.8,1,Medium,Yes,Graduate,59.7,Good
STU11600,Female,65.2,9.05,87.6,86.3,83.4,7.3,7,High,Yes,School,54.4,Average
STU11601,Female,77.3,2.79,74.0,95.5,81.0,7.6,5,Medium,Yes,School,43.8,Average
STU11602,Female,91.6,0.98,66.5,75.0,73.4,8.4,4,Medium,No,School,33.1,Fail
STU11603,Male,93.2,4.58,64.5,70.4,65.6,7.1,2,Low,Yes,Graduate,33.9,Fail
STU11604,Male,60.9,2.23,43.7,35.1,38.3,8.5,9,High,Yes,Postgraduate,16.5,Fail
STU11605,Female,74.3,5.58,86.8,47.8,73.8,6.2,5,Medium,Yes,School,39.9,Fail
STU11606,Male,94.3,1.73,63.5,66.1,39.4,6.9,0,Medium,Yes,School,26.5,Fail
STU11607,Male,84.1,8.05,75.1,55.5,44.0,6.5,3,Medium,Yes,Postgraduate,33.6,Fail
STU11608,Male,80.3,3.52,77.5,84.2,66.9,7.9,4,Medium,Yes,School,32.1,Fail
STU11609,Female,75.4,3.03,50.6,52.3,72.4,5.9,6,Low,Yes,Graduate,22.4,Fail
STU11610,Female,73.4,7.71,55.1,64.5,63.1,6.6,5,Medium,Yes,Graduate,33.1,Fail
STU11611,Male,81.5,6.2,89.7,65.1,89.0,5.0,3,Low,Yes,Graduate,51.6,Average
STU11612,Female,75.0,1.93,72.1,90.1,75.0,7.7,5,Low,Yes,Graduate,41.6,Average
STU11613,Female,77.5,6.09,59.9,62.9,65.8,8.4,2,Low,Yes,Postgraduate,37.4,Fail
STU11614,Female,78.9,5.29,66.2,78.8,87.0,8.0,4,Medium,Yes,Graduate,43.9,Average
STU11615,Male,69.9,3.15,83.2,74.9,89.3,7.9,6,Low,Yes,Graduate,34.7,Fail
STU11616,Male,84.4,5.77,81.1,85.5,75.7,7.9,6,Low,Yes,School,49.3,Average
STU11617,Male,100.0,8.02,47.5,84.8,58.9,7.8,2,High,Yes,School,42.0,Average
STU11618,Female,56.7,3.22,90.9,71.5,61.8,7.7,7,Medium,Yes,Postgraduate,39.4,Fail
STU11619,Female,81.9,3.23,81.5,46.6,50.2,7.7,4,High,Yes,Postgraduate,39.9,Fail
STU11620,Male,68.9,3.1,65.9,68.5,68.4,6.3,7,Medium,Yes,Postgraduate,27.6,Fail
STU11621,Male,84.9,1.87,51.3,71.7,55.3,6.8,3,Low,Yes,School,19.6,Fail
STU11622,Male,78.6,3.2,82.8,76.3,64.7,7.1,4,Medium,Yes,Postgraduate,53.0,Average
STU11623,Female,87.1,2.95,74.7,60.9,72.4,6.6,2,Medium,Yes,School,39.2,Fail
STU11624,Male,92.1,2.82,47.6,89.1,43.2,5.3,4,High,Yes,Graduate,26.6,Fail
STU11625,Female,80.3,2.79,64.8,72.2,52.6,5.6,3,Low,Yes,Graduate,34.2,Fail
STU11626,Other,91.6,1.32,98.0,58.2,62.4,7.3,2,High,Yes,Graduate,40.1,Average
STU11627,Female,49.9,6.61,68.2,65.1,68.3,8.0,6,Medium,Yes,Graduate,35.8,Fail
STU11628,Male,97.1,2.18,57.6,100.0,62.6,7.0,2,High,Yes,Graduate,37.1,Fail
STU11629,Female,82.5,8.31,53.9,82.0,65.5,10.0,5,Low,No,Postgraduate,41.6,Average
STU11630,Female,90.9,1.58,92.8,87.7,59.8,6.0,0,Medium,Yes,School,41.4,Average
STU11631,Female,63.4,9.53,79.9,56.4,50.2,7.5,7,Low,Yes,School,30.4,Fail
STU11632,Male,68.0,2.59,87.7,61.7,62.0,8.4,7,High,Yes,Graduate,36.4,Fail
STU11633,Male,79.8,6.13,71.5,61.8,66.2,8.2,4,Low,Yes,School,33.3,Fail
STU11634,Male,77.8,3.71,85.6,74.8,65.0,7.7,5,Medium,No,School,40.6,Average
STU11635,Male,81.4,1.17,56.1,69.4,70.5,8.2,3,Medium,Yes,School,28.1,Fail
STU11636,Female,91.0,1.22,70.3,64.7,74.4,7.1,5,Medium,Yes,School,24.1,Fail
STU11637,Male,56.8,2.04,72.0,66.5,77.9,8.8,8,Medium,Yes,Graduate,34.4,Fail
STU11638,Female,89.7,2.48,87.4,60.1,60.8,8.4,6,Medium,Yes,Postgraduate,42.6,Average
STU11639,Female,78.1,3.29,72.5,69.3,48.5,6.1,6,Low,Yes,Postgraduate,40.1,Average
STU11640,Male,75.6,4.28,59.2,88.7,85.5,7.4,6,Medium,Yes,Graduate,39.7,Fail
STU11641,Male,60.3,2.99,68.9,49.3,74.0,5.3,6,Medium,Yes,School,24.8,Fail
STU11642,Male,84.0,4.12,44.5,77.2,56.6,8.7,5,Medium,Yes,Graduate,33.5,Fail
STU11643,Male,49.0,4.59,35.5,92.7,72.6,7.2,11,Low,Yes,Graduate,26.5,Fail
STU11644,Female,85.8,2.9,79.6,69.3,82.9,8.5,0,Medium,Yes,Graduate,51.0,Average
STU11645,Male,60.1,5.23,62.8,64.1,91.5,6.9,6,High,Yes,Graduate,37.6,Fail
STU11646,Male,78.6,6.02,64.3,85.9,72.3,5.0,5,High,Yes,Graduate,39.2,Fail
STU11647,Male,76.6,4.67,79.6,57.2,82.8,9.9,4,High,Yes,School,47.2,Average
STU11648,Female,92.0,4.85,87.6,71.7,53.3,7.1,1,Medium,Yes,Postgraduate,45.5,Average
STU11649,Female,75.9,3.87,75.5,56.4,68.5,5.9,6,Low,No,Graduate,22.7,Fail
STU11650,Other,69.7,6.98,95.0,43.9,64.6,8.3,5,Medium,Yes,Graduate,34.8,Fail
STU11651,Male,71.9,3.35,75.0,69.7,73.5,9.2,5,Low,Yes,Postgraduate,36.6,Fail
STU11652,Male,93.3,2.07,72.2,53.0,89.9,6.8,0,Medium,Yes,School,39.5,Fail
STU11653,Female,84.4,3.42,71.4,71.8,72.2,6.9,4,Low,No,School,45.4,Average
STU11654,Male,73.4,1.19,50.0,88.7,56.8,7.3,3,High,Yes,Graduate,27.8,Fail
STU11655,Male,75.2,1.06,81.4,99.8,52.6,5.8,4,Low,Yes,Graduate,33.8,Fail
STU11656,Female,59.2,6.04,33.8,73.4,90.4,6.2,6,Low,Yes,School,23.3,Fail
STU11657,Female,82.7,8.4,59.8,87.3,75.7,9.0,3,High,Yes,School,50.9,Average
STU11658,Male,56.9,2.65,68.3,78.0,74.8,6.9,10,Low,Yes,School,26.6,Fail
STU11659,Female,87.0,6.08,56.9,66.3,64.5,6.1,4,Low,Yes,School,28.4,Fail
STU11660,Male,79.5,0.59,61.7,43.1,72.5,6.5,3,Medium,Yes,Graduate,20.4,Fail
STU11661,Male,100.0,4.68,93.8,96.4,56.2,8.2,1,High,Yes,School,50.7,Average
STU11662,Male,64.8,3.36,83.5,56.3,74.0,4.8,7,Low,Yes,Graduate,25.0,Fail
STU11663,Male,76.8,9.27,58.4,92.7,53.7,7.3,7,Medium,Yes,Graduate,39.8,Fail
STU11664,Male,99.6,3.03,61.4,80.1,64.3,9.7,0,Low,Yes,Graduate,42.3,Average
STU11665,Female,92.3,1.48,50.1,57.4,60.6,9.2,0,Medium,Yes,Postgraduate,29.8,Fail
STU11666,Female,69.6,0.93,77.9,76.7,26.7,7.6,7,Low,Yes,School,27.8,Fail
STU11667,Female,80.7,3.42,64.5,100.0,64.5,8.4,3,Medium,Yes,School,45.8,Average
STU11668,Female,78.0,3.87,40.5,95.0,57.3,8.4,4,Medium,Yes,School,29.3,Fail
STU11669,Male,81.4,2.9,69.4,64.3,66.3,6.9,4,High,Yes,School,27.7,Fail
STU11670,Male,69.6,6.16,74.1,61.3,69.0,8.0,4,Medium,Yes,Graduate,39.4,Fail
STU11671,Male,76.9,7.83,81.5,73.5,92.0,9.0,5,Medium,Yes,School,50.3,Average
STU11672,Male,58.8,2.63,67.0,69.5,73.0,5.6,9,Medium,Yes,Graduate,25.9,Fail
STU11673,Male,79.6,0.7,62.8,90.0,73.3,7.6,5,Low,Yes,Postgraduate,31.6,Fail
STU11674,Male,83.4,4.14,95.8,83.1,75.4,7.4,2,Low,Yes,School,41.6,Average
STU11675,Female,75.3,7.07,68.1,46.6,80.3,7.1,6,Medium,Yes,School,35.8,Fail
STU11676,Male,58.6,2.64,78.1,78.9,74.9,7.0,7,Low,Yes,Graduate,30.6,Fail
STU11677,Female,89.9,4.85,60.4,69.3,72.7,7.3,1,Low,Yes,Graduate,37.2,Fail
STU11678,Male,82.4,1.39,77.7,72.6,78.2,7.3,3,Medium,Yes,School,37.8,Fail
STU11679,Male,69.3,4.07,47.6,75.7,37.5,8.2,7,Low,Yes,Graduate,21.0,Fail
STU11680,Female,74.6,4.91,61.5,90.0,96.2,7.5,5,Low,Yes,School,40.8,Average
STU11681,Male,60.0,4.15,51.1,86.7,89.7,6.8,10,Medium,Yes,Graduate,29.5,Fail
STU11682,Male,65.7,10.82,59.5,60.8,71.8,6.1,7,Medium,Yes,Graduate,39.9,Fail
STU11683,Female,71.5,8.33,85.5,71.1,50.6,6.5,6,Low,Yes,School,34.0,Fail
STU11684,Female,92.7,5.44,59.4,65.3,84.7,7.3,2,Medium,Yes,School,35.5,Fail
STU11685,Male,70.3,6.65,78.1,46.8,60.0,6.2,7,Low,Yes,Graduate,26.5,Fail
STU11686,Male,85.7,4.05,89.2,70.4,75.9,8.0,3,High,No,Graduate,42.7,Average
STU11687,Male,71.5,3.25,67.6,99.7,52.3,7.5,3,Medium,Yes,Postgraduate,31.6,Fail
STU11688,Male,81.0,2.43,81.9,46.3,97.9,8.3,5,Medium,Yes,Graduate,32.2,Fail
STU11689,Female,76.3,1.37,75.4,71.6,50.3,6.3,5,Medium,Yes,Graduate,31.5,Fail
STU11690,Male,88.5,8.58,69.6,71.2,69.9,6.1,3,Medium,Yes,Graduate,52.0,Average
STU11691,Male,71.6,11.09,78.5,76.3,41.4,8.2,5,Medium,Yes,Graduate,48.3,Average
STU11692,Female,59.1,3.48,93.8,57.6,68.5,7.1,5,Medium,Yes,School,32.2,Fail
STU11693,Female,61.4,3.52,59.1,50.6,63.5,6.8,4,High,Yes,School,15.3,Fail
STU11694,Male,71.6,5.04,54.6,51.3,83.8,7.8,4,High,Yes,Graduate,35.0,Fail
STU11695,Female,63.0,3.04,53.7,92.0,63.5,7.7,8,Medium,No,School,17.9,Fail
STU11696,Female,82.9,1.52,81.9,57.3,83.8,5.6,5,High,Yes,School,33.8,Fail
STU11697,Male,72.4,1.16,83.8,64.5,55.7,8.5,6,Low,Yes,School,24.4,Fail
STU11698,Male,100.0,10.84,60.5,100.0,65.3,6.5,0,Medium,Yes,Postgraduate,45.1,Average
STU11699,Female,57.1,0.8,38.1,61.0,65.6,8.9,7,Medium,No,Graduate,23.1,Fail
STU11700,Male,80.4,4.26,58.6,77.1,75.4,5.5,6,Low,Yes,Postgraduate,26.7,Fail
STU11701,Male,64.5,0.91,75.7,88.0,73.8,7.3,5,High,No,Postgraduate,33.4,Fail
STU11702,Female,72.1,3.15,67.1,87.2,78.4,6.8,9,High,Yes,Graduate,35.0,Fail
STU11703,Male,79.7,2.62,70.5,52.0,72.5,4.8,7,High,Yes,Graduate,26.2,Fail
STU11704,Male,50.1,1.05,60.7,61.3,77.6,7.7,13,Medium,Yes,Graduate,22.1,Fail
STU11705,Male,80.8,5.16,82.2,76.5,57.3,4.9,4,Medium,Yes,Graduate,35.2,Fail
STU11706,Male,100.0,1.43,72.8,100.0,74.1,6.7,0,Medium,Yes,Postgraduate,49.1,Average
STU11707,Female,72.6,0.92,76.2,60.6,89.9,8.2,6,Low,Yes,Postgraduate,36.1,Fail
STU11708,Male,81.1,5.54,70.2,64.6,47.2,6.4,5,High,Yes,Graduate,26.8,Fail
STU11709,Male,90.3,2.63,75.3,78.3,75.4,6.0,1,Low,Yes,Graduate,41.1,Average
STU11710,Female,76.0,1.89,74.4,81.3,77.8,7.9,3,High,Yes,Graduate,35.2,Fail
STU11711,Female,71.0,5.77,55.0,82.2,88.0,6.7,5,Medium,Yes,Graduate,33.3,Fail
STU11712,Male,50.7,1.37,73.2,59.3,78.4,6.6,9,Low,Yes,School,22.6,Fail
STU11713,Male,85.7,0.72,79.1,64.0,70.3,8.4,5,Low,Yes,School,30.1,Fail
STU11714,Male,76.6,7.5,84.2,75.2,74.6,5.7,4,Medium,Yes,School,46.6,Average
STU11715,Female,65.8,9.9,73.8,90.9,59.4,6.5,7,Low,Yes,Graduate,44.1,Average
STU11716,Male,79.5,3.09,54.5,68.4,64.0,8.0,6,High,Yes,School,21.5,Fail
STU11717,Male,71.0,0.5,56.6,71.7,51.6,5.6,8,Low,Yes,Postgraduate,21.7,Fail
STU11718,Female,71.7,3.06,61.9,56.6,88.3,9.0,6,Medium,Yes,School,34.1,Fail
STU11719,Female,85.3,5.98,70.7,99.9,74.9,6.8,4,Low,Yes,School,40.9,Average
STU11720,Female,61.9,7.02,66.3,74.3,57.1,8.0,6,Low,Yes,Graduate,33.2,Fail
STU11721,Male,90.6,1.5,52.3,88.2,72.5,8.0,3,Low,Yes,School,36.1,Fail
STU11722,Other,61.2,2.73,52.2,72.4,84.1,6.8,10,High,No,School,21.8,Fail
STU11723,Male,70.0,4.03,38.6,73.3,81.9,6.5,3,Medium,Yes,School,38.6,Fail
STU11724,Female,100.0,5.76,25.0,49.5,56.9,7.0,3,High,Yes,Graduate,33.4,Fail
STU11725,Male,91.5,5.36,66.2,39.7,28.3,7.8,1,Medium,Yes,School,28.4,Fail
STU11726,Female,79.2,4.81,98.0,90.8,74.1,5.9,5,Low,No,Graduate,44.3,Average
STU11727,Female,66.7,7.01,93.2,73.2,57.5,5.7,7,Low,Yes,School,36.0,Fail
STU11728,Female,71.6,3.25,54.3,75.1,77.1,8.6,6,Medium,Yes,School,28.5,Fail
STU11729,Female,78.9,8.63,70.1,53.3,81.4,6.2,4,Low,Yes,School,39.5,Fail
STU11730,Male,78.5,2.23,47.5,58.5,83.5,7.4,3,Low,Yes,School,29.5,Fail
STU11731,Male,76.9,5.42,49.6,87.9,91.7,6.8,5,Medium,Yes,Graduate,33.2,Fail
STU11732,Male,77.6,2.48,51.2,98.1,85.1,6.8,4,Low,Yes,Graduate,38.4,Fail
STU11733,Female,75.4,3.12,64.8,62.7,91.7,8.6,3,Medium,No,Graduate,42.5,Average
STU11734,Male,60.7,3.48,65.4,82.1,86.9,6.9,6,Medium,Yes,Postgraduate,39.9,Fail
STU11735,Male,71.8,2.38,71.5,74.9,88.1,6.6,4,Medium,Yes,School,35.4,Fail
STU11736,Male,89.0,7.21,77.3,70.2,68.5,6.7,1,Medium,Yes,Postgraduate,51.0,Average
STU11737,Female,61.6,2.57,63.3,99.8,52.2,6.4,8,Medium,Yes,Graduate,35.0,Fail
STU11738,Male,75.7,3.36,68.5,65.2,100.0,6.3,4,Medium,Yes,Graduate,39.2,Fail
STU11739,Male,68.2,5.01,52.7,90.6,69.8,6.5,8,Low,Yes,Postgraduate,31.5,Fail
STU11740,Male,79.3,12.0,49.2,77.7,85.0,8.8,4,Low,Yes,School,57.3,Good
STU11741,Male,73.3,5.13,47.0,71.7,61.8,7.8,5,Low,Yes,Graduate,30.0,Fail
STU11742,Male,95.7,3.57,77.1,92.6,81.5,6.6,1,Medium,No,Graduate,42.9,Average
STU11743,Male,84.1,0.61,63.3,76.4,37.2,8.1,5,Medium,Yes,Graduate,30.6,Fail
STU11744,Female,62.3,3.06,41.8,70.6,63.7,5.3,5,Medium,Yes,School,21.2,Fail
STU11745,Male,86.1,2.07,67.1,92.7,67.7,8.5,5,Low,Yes,School,32.4,Fail
STU11746,Other,68.7,2.7,50.5,90.7,75.0,8.4,8,Low,Yes,Postgraduate,25.2,Fail
STU11747,Male,71.1,2.44,91.2,90.0,82.9,9.5,6,Low,Yes,Graduate,46.4,Average
STU11748,Male,81.8,4.97,59.9,20.0,54.8,8.1,5,High,Yes,School,23.4,Fail
STU11749,Female,72.1,3.02,77.5,78.6,77.6,7.5,5,Low,No,School,28.0,Fail
STU11750,Female,88.7,1.7,83.2,75.2,84.9,8.4,3,Medium,Yes,Graduate,45.0,Average
STU11751,Male,68.7,6.15,54.6,71.5,99.5,6.3,5,Low,Yes,School,34.5,Fail
STU11752,Male,70.6,1.25,69.1,81.1,78.2,6.6,7,Medium,No,School,28.7,Fail
STU11753,Male,70.1,3.46,75.7,75.9,63.0,6.9,5,Medium,Yes,Postgraduate,38.8,Fail
STU11754,Female,71.2,3.08,69.6,82.2,52.5,8.5,6,Low,Yes,School,20.9,Fail
STU11755,Male,91.2,4.34,73.1,68.0,92.8,6.1,3,Medium,Yes,School,37.2,Fail
STU11756,Male,85.5,7.06,49.4,94.5,78.6,5.9,4,Medium,Yes,Graduate,39.8,Fail
STU11757,Male,98.5,12.0,75.8,83.7,68.7,7.3,0,Medium,Yes,School,64.7,Good
STU11758,Male,100.0,3.57,61.2,80.1,47.9,7.8,1,High,Yes,School,48.7,Average
STU11759,Female,65.6,2.04,72.9,79.4,56.9,6.2,5,High,Yes,Graduate,30.6,Fail
STU11760,Male,78.8,1.89,80.9,89.4,77.2,7.7,1,Medium,Yes,Graduate,45.0,Average
STU11761,Other,63.9,1.89,77.4,87.3,73.6,8.5,6,High,Yes,Graduate,25.9,Fail
STU11762,Male,68.7,4.23,72.9,70.3,43.7,8.3,8,High,Yes,Graduate,35.3,Fail
STU11763,Other,70.4,0.5,77.0,86.9,77.2,7.4,6,Medium,Yes,Postgraduate,39.1,Fail
STU11764,Female,65.3,1.18,77.6,74.6,48.6,6.9,6,Medium,Yes,Graduate,29.1,Fail
STU11765,Male,65.4,4.24,88.9,100.0,86.6,8.9,7,Medium,Yes,Graduate,43.3,Average
STU11766,Male,76.3,6.35,67.5,88.5,71.7,7.0,5,Medium,Yes,Postgraduate,53.6,Average
STU11767,Male,63.4,6.37,70.3,62.6,63.0,8.0,8,Medium,Yes,School,39.9,Fail
STU11768,Female,88.1,3.69,81.0,100.0,81.9,9.2,0,High,Yes,Graduate,56.4,Good
STU11769,Male,67.0,5.82,61.1,40.5,73.6,7.9,6,High,No,School,32.8,Fail
STU11770,Female,100.0,7.14,49.3,81.6,86.2,5.9,0,Low,Yes,School,43.1,Average
STU11771,Female,72.6,2.55,74.9,61.6,70.0,5.6,3,Medium,Yes,Postgraduate,37.8,Fail
STU11772,Male,78.9,6.67,65.1,100.0,70.8,6.7,2,Medium,Yes,School,38.1,Fail
STU11773,Female,62.5,0.86,51.1,75.8,65.3,7.8,7,High,Yes,School,10.5,Fail
STU11774,Female,98.5,1.16,75.0,60.1,72.4,7.5,0,Medium,Yes,School,31.5,Fail
STU11775,Female,91.4,2.66,88.0,68.0,91.1,9.4,2,Low,Yes,Graduate,44.5,Average
STU11776,Male,81.6,0.76,45.2,61.3,62.5,7.5,3,Low,Yes,Postgraduate,19.6,Fail
STU11777,Male,61.8,5.03,82.3,67.4,77.4,6.6,7,Low,Yes,Graduate,38.0,Fail
STU11778,Male,80.5,2.27,32.5,67.1,57.6,5.8,3,Low,Yes,Postgraduate,18.2,Fail
STU11779,Male,64.5,3.1,62.4,60.7,42.1,8.3,8,Low,Yes,Graduate,20.7,Fail
STU11780,Male,95.5,3.19,93.8,76.1,71.7,7.0,3,Low,Yes,Postgraduate,40.7,Average
STU11781,Female,87.7,2.61,63.4,77.9,73.8,5.3,0,High,Yes,Postgraduate,32.7,Fail
STU11782,Male,79.1,1.88,69.3,57.1,67.6,7.0,5,Medium,Yes,School,28.7,Fail
STU11783,Male,48.8,4.87,78.7,47.1,49.6,5.9,10,Medium,Yes,Postgraduate,20.4,Fail
STU11784,Male,66.2,2.23,44.0,76.7,73.0,6.5,8,Medium,Yes,School,21.7,Fail
STU11785,Female,86.3,3.16,69.0,80.0,72.5,7.0,5,Low,Yes,Graduate,39.3,Fail
STU11786,Male,92.6,4.37,68.9,83.0,57.4,6.0,0,Medium,Yes,School,47.5,Average
STU11787,Male,91.3,7.1,94.1,80.3,51.4,6.5,3,High,Yes,Graduate,49.5,Average
STU11788,Female,58.9,6.74,50.7,95.6,65.7,6.2,6,Medium,Yes,Postgraduate,44.0,Average
STU11789,Male,81.6,2.39,62.7,87.0,77.5,6.2,4,Medium,Yes,Graduate,38.8,Fail
STU11790,Male,90.2,1.8,55.0,100.0,74.4,5.9,2,Low,Yes,Graduate,39.3,Fail
STU11791,Female,58.1,8.03,53.5,100.0,57.5,6.5,8,Medium,No,Postgraduate,39.5,Fail
STU11792,Female,77.9,2.22,83.8,45.6,70.8,6.0,3,Medium,Yes,Graduate,37.0,Fail
STU11793,Male,81.3,4.74,68.4,39.0,80.5,7.6,4,Low,Yes,School,27.8,Fail
STU11794,Male,74.4,0.72,60.2,71.9,53.8,7.2,8,Medium,Yes,Postgraduate,29.7,Fail
STU11795,Female,55.8,0.5,60.8,79.6,69.8,8.3,7,Medium,Yes,School,22.7,Fail
STU11796,Male,74.1,3.56,60.1,70.9,86.4,9.1,5,Low,Yes,Postgraduate,38.7,Fail
STU11797,Other,74.1,2.86,61.4,82.6,52.4,7.7,6,Low,Yes,School,27.3,Fail
STU11798,Male,76.2,5.57,50.3,67.9,84.0,7.5,4,Medium,Yes,School,40.6,Average
STU11799,Male,71.2,1.9,64.4,61.6,90.0,7.8,8,Low,Yes,Graduate,31.8,Fail
STU11800,Female,72.7,4.15,63.0,63.9,66.1,7.5,5,Medium,Yes,School,23.7,Fail
STU11801,Male,77.5,5.37,57.4,69.0,64.5,7.1,4,High,Yes,School,43.5,Average
STU11802,Male,83.3,1.96,70.2,84.7,82.4,7.0,2,Medium,Yes,School,43.6,Average
STU11803,Male,74.3,2.66,71.4,64.7,66.6,5.9,5,Low,Yes,School,24.5,Fail
STU11804,Female,73.1,1.36,60.2,67.7,38.4,7.9,5,Medium,Yes,Graduate,17.4,Fail
STU11805,Male,79.1,5.7,66.0,80.6,67.7,7.0,5,Medium,Yes,Graduate,44.2,Average
STU11806,Male,54.9,4.91,98.0,69.0,75.1,8.6,8,Medium,No,School,33.9,Fail
STU11807,Male,83.7,5.16,97.7,88.8,78.6,8.0,2,High,Yes,School,57.9,Good
STU11808,Male,78.0,2.85,53.2,58.2,57.6,6.3,5,Medium,Yes,School,28.0,Fail
STU11809,Male,78.5,4.85,55.2,55.0,65.5,8.4,6,Low,No,Graduate,24.3,Fail
STU11810,Female,89.5,3.03,53.2,76.6,81.7,4.2,3,Medium,Yes,Graduate,30.0,Fail
STU11811,Female,54.6,8.91,82.8,78.1,68.2,9.1,12,High,Yes,School,38.8,Fail
STU11812,Female,54.3,3.37,62.4,59.0,49.1,5.5,10,Medium,Yes,Postgraduate,13.9,Fail
STU11813,Male,81.3,6.49,71.4,92.2,85.1,7.5,5,High,Yes,School,48.7,Average
STU11814,Male,77.9,2.86,96.0,100.0,66.2,7.5,5,Medium,Yes,Graduate,48.9,Average
STU11815,Male,80.0,7.74,67.9,62.6,83.2,8.2,6,High,Yes,Graduate,48.2,Average
STU11816,Male,72.5,1.8,77.9,94.3,50.9,6.6,7,Medium,Yes,School,27.0,Fail
STU11817,Female,86.0,4.51,75.3,36.3,67.4,4.6,1,High,Yes,School,36.2,Fail
STU11818,Male,89.2,2.09,59.8,88.1,75.6,6.6,3,High,Yes,Graduate,33.4,Fail
STU11819,Male,83.8,4.03,82.8,59.1,67.9,6.8,4,High,No,Graduate,42.2,Average
STU11820,Female,74.9,2.23,56.1,86.6,53.6,4.7,5,High,No,Postgraduate,18.8,Fail
STU11821,Female,52.7,3.36,86.8,57.6,38.0,7.0,7,Medium,Yes,Graduate,33.5,Fail
STU11822,Female,87.2,2.48,59.8,71.0,88.8,5.8,0,Medium,Yes,Postgraduate,37.0,Fail
STU11823,Male,92.7,5.25,61.3,59.8,72.2,7.7,1,Medium,Yes,Graduate,43.6,Average
STU11824,Female,85.7,4.64,52.8,68.8,84.2,6.7,1,Medium,No,Graduate,40.7,Average
STU11825,Male,67.4,2.03,55.1,99.4,81.1,9.2,6,Medium,Yes,School,28.6,Fail
STU11826,Male,86.1,1.99,62.0,70.4,76.8,6.7,4,Medium,Yes,Postgraduate,39.4,Fail
STU11827,Male,88.3,1.68,34.0,100.0,64.8,7.5,1,Medium,Yes,School,27.5,Fail
STU11828,Female,96.7,1.42,64.7,66.2,75.4,6.8,1,Medium,Yes,School,33.7,Fail
STU11829,Male,67.5,5.48,60.9,94.4,87.6,5.2,5,High,Yes,Graduate,37.2,Fail
STU11830,Female,75.3,1.6,79.1,47.6,70.1,6.8,5,Medium,Yes,Postgraduate,39.5,Fail
STU11831,Male,87.0,4.26,73.9,67.7,93.7,7.8,3,Medium,No,School,37.0,Fail
STU11832,Female,78.7,2.33,58.1,64.0,49.5,7.7,2,High,No,School,27.5,Fail
STU11833,Male,64.6,6.37,61.6,95.1,48.1,6.7,6,Medium,Yes,Postgraduate,32.3,Fail
STU11834,Female,83.0,10.28,64.7,74.8,81.8,5.4,2,Medium,Yes,Postgraduate,55.3,Good
STU11835,Female,84.9,0.5,88.8,40.7,58.4,7.7,4,Medium,Yes,Graduate,43.0,Average
STU11836,Female,79.1,1.78,56.5,52.3,95.6,7.5,4,Medium,Yes,Graduate,29.3,Fail
STU11837,Female,80.6,2.3,57.9,56.8,86.4,7.9,4,Medium,Yes,Graduate,34.2,Fail
STU11838,Female,74.9,2.92,52.2,86.0,89.6,6.7,5,Low,Yes,Postgraduate,32.7,Fail
STU11839,Male,95.7,2.79,47.3,84.1,80.5,5.1,1,Low,Yes,School,37.7,Fail
STU11840,Female,67.2,1.14,72.3,67.5,57.0,7.6,7,High,Yes,Graduate,26.3,Fail
STU11841,Female,71.0,10.42,70.8,63.8,47.4,7.0,5,High,Yes,Graduate,44.7,Average
STU11842,Male,78.1,2.86,86.0,82.7,88.4,8.5,3,Medium,Yes,Postgraduate,47.3,Average
STU11843,Male,88.5,4.62,82.6,55.1,49.5,7.0,2,High,Yes,Graduate,49.7,Average
STU11844,Male,60.0,4.72,98.0,78.9,89.6,6.9,8,Medium,Yes,School,32.9,Fail
STU11845,Male,62.3,0.92,67.0,77.6,77.7,7.5,11,Low,Yes,Graduate,27.4,Fail
STU11846,Other,53.5,2.59,64.4,67.9,68.0,6.3,9,Medium,Yes,Postgraduate,25.0,Fail
STU11847,Female,78.4,5.48,49.8,78.0,74.7,6.3,5,Low,Yes,Postgraduate,33.4,Fail
STU11848,Female,64.6,8.06,77.8,73.5,75.0,6.9,8,Low,Yes,School,39.6,Fail
STU11849,Male,73.4,2.63,69.7,79.5,66.4,6.0,7,High,Yes,School,30.8,Fail
STU11850,Male,85.9,1.09,77.1,52.0,87.5,6.7,2,Medium,Yes,Graduate,38.3,Fail
STU11851,Male,70.3,2.15,52.1,81.2,87.1,9.1,8,Low,Yes,Graduate,33.2,Fail
STU11852,Male,80.8,2.55,72.9,87.4,71.0,8.1,4,Medium,No,School,46.3,Average
STU11853,Female,74.4,2.48,70.9,76.8,61.2,7.3,9,Medium,Yes,School,15.3,Fail
STU11854,Male,86.1,1.68,69.9,81.0,86.0,8.7,3,Medium,Yes,School,50.2,Average
STU11855,Male,83.7,0.98,58.4,70.4,42.7,6.1,1,Low,Yes,School,34.6,Fail
STU11856,Male,69.7,1.35,84.7,85.4,74.8,9.7,6,Medium,No,School,29.2,Fail
STU11857,Female,76.0,2.17,96.7,73.0,78.6,6.5,7,Medium,Yes,Postgraduate,42.2,Average
STU11858,Male,90.5,5.42,52.5,54.8,58.2,9.2,2,Medium,Yes,Graduate,42.3,Average
STU11859,Male,82.7,6.82,78.1,84.3,81.7,9.2,3,High,Yes,School,56.0,Good
STU11860,Male,61.2,3.62,27.7,47.5,68.7,5.1,9,Medium,No,Graduate,18.6,Fail
STU11861,Male,85.9,1.38,77.4,76.2,61.9,8.6,2,High,Yes,Graduate,41.6,Average
STU11862,Female,65.0,2.26,41.8,66.2,81.5,6.7,7,High,Yes,Graduate,13.8,Fail
STU11863,Female,95.0,0.5,60.7,65.3,54.9,6.4,0,Low,No,Postgraduate,34.0,Fail
STU11864,Female,90.3,8.16,49.6,74.6,80.3,7.6,5,Low,Yes,School,42.3,Average
STU11865,Male,81.5,2.0,65.0,61.4,43.2,5.9,2,Medium,Yes,Postgraduate,34.6,Fail
STU11866,Female,79.9,4.37,79.7,79.7,72.7,7.6,4,High,No,School,33.2,Fail
STU11867,Female,75.5,6.51,42.0,72.9,69.6,6.0,6,Low,Yes,Graduate,22.4,Fail
STU11868,Female,86.1,9.61,63.0,62.7,62.0,7.2,3,Low,Yes,Postgraduate,42.3,Average
STU11869,Male,73.6,5.82,60.8,92.1,74.1,8.5,3,Medium,Yes,Graduate,50.4,Average
STU11870,Female,80.8,2.46,90.1,75.1,68.0,7.4,2,High,Yes,School,49.9,Average
STU11871,Female,88.5,4.77,74.0,81.5,82.7,6.6,3,Low,Yes,School,38.6,Fail
STU11872,Male,71.3,9.39,51.5,93.2,76.3,7.6,5,Medium,Yes,School,40.7,Average
STU11873,Male,70.6,1.98,61.4,93.0,74.9,5.5,3,Low,Yes,School,44.6,Average
STU11874,Male,63.7,0.94,89.8,80.7,72.8,6.1,8,High,Yes,School,30.0,Fail
STU11875,Female,65.2,1.69,78.0,67.5,62.9,6.5,6,Medium,Yes,School,31.2,Fail
STU11876,Male,56.1,4.56,55.1,50.6,65.1,7.9,10,Medium,Yes,Graduate,20.2,Fail
STU11877,Female,86.8,2.51,64.3,75.1,72.2,7.4,2,High,Yes,School,39.0,Fail
STU11878,Female,99.7,3.14,64.7,88.4,66.7,7.6,0,Medium,No,Graduate,38.3,Fail
STU11879,Female,95.1,5.08,60.5,77.3,83.4,7.0,1,High,Yes,Graduate,41.4,Average
STU11880,Male,58.5,1.66,44.1,20.3,70.2,6.1,7,Low,Yes,School,5.1,Fail
STU11881,Female,86.7,3.03,58.5,85.1,73.9,8.6,1,Low,Yes,Graduate,36.6,Fail
STU11882,Male,95.1,2.23,87.4,86.0,50.8,6.2,1,Medium,Yes,Graduate,40.8,Average
STU11883,Female,72.5,9.15,62.7,67.5,81.3,7.5,4,Low,Yes,Graduate,45.0,Average
STU11884,Male,79.2,5.7,66.6,86.8,61.4,6.9,5,High,Yes,Graduate,49.4,Average
STU11885,Male,53.9,2.53,70.0,81.4,55.4,7.6,9,Medium,No,Graduate,22.6,Fail
STU11886,Male,81.2,2.42,98.0,61.7,90.4,6.3,2,Low,Yes,Graduate,39.2,Fail
STU11887,Female,65.2,9.81,68.1,91.1,78.1,8.2,6,Medium,Yes,Graduate,48.8,Average
STU11888,Female,80.4,9.31,83.3,53.0,81.7,8.5,4,Medium,Yes,Postgraduate,47.3,Average
STU11889,Male,59.3,4.54,59.6,71.1,74.9,8.1,7,Medium,No,Postgraduate,23.5,Fail
STU11890,Male,84.5,3.24,64.4,69.6,67.8,7.2,4,Low,Yes,Graduate,38.5,Fail
STU11891,Female,90.3,1.16,68.2,59.6,65.4,6.5,3,High,Yes,Graduate,32.5,Fail
STU11892,Male,68.6,1.7,57.2,76.6,79.1,10.0,10,Medium,Yes,Postgraduate,32.8,Fail
STU11893,Male,64.4,1.08,65.1,91.7,83.7,5.9,9,High,Yes,Graduate,21.7,Fail
STU11894,Female,52.1,6.68,80.4,90.7,68.1,8.0,7,Medium,Yes,Graduate,39.1,Fail
STU11895,Male,74.8,1.18,56.8,82.9,95.9,7.4,4,Medium,Yes,School,27.5,Fail
STU11896,Male,71.0,2.4,68.0,46.6,66.4,6.9,5,Low,Yes,School,23.2,Fail
STU11897,Male,59.4,0.59,77.9,52.0,50.9,7.2,9,Medium,Yes,Graduate,21.2,Fail
STU11898,Female,83.4,0.85,56.5,74.5,46.6,6.4,2,Low,No,Postgraduate,24.3,Fail
STU11899,Female,72.6,5.24,83.3,71.5,47.1,7.5,5,High,Yes,School,32.7,Fail
STU11900,Male,65.1,4.07,69.0,64.5,63.6,7.3,5,Low,Yes,Postgraduate,26.8,Fail
STU11901,Male,71.3,3.33,65.7,100.0,66.0,9.9,5,Medium,Yes,Graduate,40.1,Average
STU11902,Male,90.9,2.43,39.9,73.6,77.9,8.2,1,Medium,Yes,Graduate,35.9,Fail
STU11903,Male,85.2,0.75,62.8,80.1,68.6,7.6,2,Medium,Yes,Postgraduate,32.9,Fail
STU11904,Male,76.4,2.19,73.2,86.8,80.0,7.6,3,Medium,Yes,School,34.8,Fail
STU11905,Male,85.4,2.9,92.4,72.8,69.6,9.0,4,Medium,Yes,School,39.5,Fail
STU11906,Female,64.1,5.0,76.0,100.0,69.2,5.9,8,Medium,Yes,School,34.0,Fail
STU11907,Male,78.4,6.45,83.8,57.9,61.5,6.8,2,High,Yes,Graduate,40.2,Average
STU11908,Female,79.8,5.34,51.1,62.9,87.5,4.9,4,Medium,Yes,School,26.6,Fail
STU11909,Other,72.4,4.06,66.2,57.9,49.1,7.6,3,Medium,No,Graduate,26.3,Fail
STU11910,Male,83.2,3.29,85.1,95.4,72.9,7.9,5,High,Yes,Postgraduate,54.4,Average
STU11911,Female,68.6,3.78,55.6,84.0,66.6,5.9,9,Low,Yes,School,23.0,Fail
STU11912,Female,84.1,2.08,81.5,63.8,79.2,8.6,3,Low,Yes,Graduate,33.5,Fail
STU11913,Male,84.6,3.49,78.3,59.0,68.7,6.2,2,Low,Yes,Graduate,24.6,Fail
STU11914,Male,43.0,2.88,71.8,92.8,69.1,6.6,10,Medium,Yes,Graduate,38.3,Fail
STU11915,Other,92.3,12.0,63.4,77.4,65.5,7.1,1,Medium,No,Postgraduate,57.9,Good
STU11916,Male,41.4,3.85,54.2,93.2,87.1,8.8,12,Low,Yes,School,27.9,Fail
STU11917,Female,70.6,0.5,92.9,71.1,69.0,6.1,8,Low,Yes,School,35.0,Fail
STU11918,Female,90.3,2.33,76.8,79.7,94.6,7.3,3,Low,Yes,Postgraduate,47.9,Average
STU11919,Male,74.2,2.65,72.8,76.5,72.5,7.9,7,Medium,Yes,School,33.6,Fail
STU11920,Male,60.4,5.83,62.2,62.6,69.3,7.6,8,Low,Yes,Graduate,23.0,Fail
STU11921,Female,64.9,4.19,68.5,69.8,67.1,7.7,5,Medium,No,School,40.4,Average
STU11922,Male,90.3,4.05,70.3,54.2,76.3,7.8,1,High,Yes,Graduate,39.1,Fail
STU11923,Male,54.9,7.59,73.6,79.4,61.4,6.4,9,Medium,Yes,Graduate,33.5,Fail
STU11924,Male,91.5,9.34,78.3,83.4,70.9,8.9,0,High,Yes,Graduate,58.2,Good
STU11925,Female,77.3,5.23,57.0,86.9,69.1,6.9,5,High,Yes,School,36.2,Fail
STU11926,Female,63.7,2.47,47.5,82.0,73.2,6.7,8,Medium,Yes,Postgraduate,29.5,Fail
STU11927,Male,71.0,2.53,69.2,70.1,73.6,8.5,7,Medium,Yes,Postgraduate,37.1,Fail
STU11928,Female,65.8,6.97,43.5,95.3,74.2,6.3,8,High,Yes,Graduate,31.6,Fail
STU11929,Female,88.4,2.52,63.5,85.4,70.2,7.4,0,Medium,Yes,Postgraduate,41.8,Average
STU11930,Male,86.8,3.13,60.9,92.8,89.4,6.2,5,Medium,Yes,Postgraduate,44.8,Average
STU11931,Female,57.4,2.3,74.9,93.8,74.5,9.8,6,Low,Yes,Graduate,33.9,Fail
STU11932,Male,73.2,1.36,95.8,70.1,100.0,9.5,5,Medium,Yes,Graduate,54.9,Average
STU11933,Male,67.6,11.73,40.8,77.8,69.6,6.9,7,High,Yes,Postgraduate,39.6,Fail
STU11934,Male,93.5,3.15,98.0,83.6,81.5,7.6,2,Medium,Yes,Postgraduate,62.1,Good
STU11935,Male,61.8,8.29,64.7,54.8,59.6,7.0,6,Medium,Yes,Graduate,26.2,Fail
STU11936,Female,97.3,2.55,72.9,55.1,87.2,6.6,0,Medium,Yes,School,43.4,Average
STU11937,Male,77.6,2.0,48.2,52.5,59.8,7.1,5,High,Yes,School,16.3,Fail
STU11938,Female,64.1,4.94,82.0,70.4,74.9,7.0,8,Medium,Yes,Graduate,34.6,Fail
STU11939,Male,69.9,6.43,68.6,67.0,65.6,5.3,4,Medium,Yes,Postgraduate,41.0,Average
STU11940,Male,68.4,6.7,67.1,50.5,74.9,7.3,7,Medium,Yes,School,31.6,Fail
STU11941,Female,62.7,2.87,40.9,74.2,65.9,7.0,5,Medium,Yes,Postgraduate,37.6,Fail
STU11942,Female,79.1,5.29,69.0,70.6,58.7,7.3,5,High,Yes,School,37.9,Fail
STU11943,Male,63.3,2.17,79.8,89.7,65.5,6.9,6,Low,Yes,Graduate,30.1,Fail
STU11944,Male,51.8,3.46,64.7,100.0,89.0,6.6,10,High,Yes,Postgraduate,38.9,Fail
STU11945,Male,73.4,2.67,84.4,78.8,75.1,8.0,5,Low,Yes,Postgraduate,39.1,Fail
STU11946,Female,56.4,2.37,83.9,61.6,52.2,7.6,10,High,Yes,Graduate,30.9,Fail
STU11947,Male,69.0,3.57,59.0,81.7,83.2,8.5,7,Medium,No,Postgraduate,34.3,Fail
STU11948,Male,67.1,1.33,90.3,72.1,57.4,7.5,6,Medium,Yes,Postgraduate,36.9,Fail
STU11949,Female,67.5,6.09,68.6,68.4,78.7,6.8,7,Medium,Yes,Postgraduate,39.2,Fail
STU11950,Female,100.0,2.38,68.7,59.1,76.2,7.7,3,Medium,Yes,Postgraduate,40.3,Average
STU11951,Male,78.7,5.9,69.4,65.0,77.0,4.8,5,Medium,Yes,Graduate,42.4,Average
STU11952,Female,80.9,1.58,69.0,69.3,93.1,9.3,4,Low,Yes,School,28.0,Fail
STU11953,Male,56.7,2.37,31.2,84.1,58.2,7.3,7,Low,Yes,School,15.1,Fail
STU11954,Female,70.2,1.33,65.4,79.7,76.9,9.4,5,Low,Yes,School,28.3,Fail
STU11955,Male,80.6,1.28,48.9,99.4,85.4,6.0,5,Medium,Yes,School,25.4,Fail
STU11956,Female,65.7,1.76,90.8,82.1,60.6,5.8,6,Medium,No,School,27.2,Fail
STU11957,Female,88.9,1.6,90.2,78.4,59.3,7.4,2,Low,Yes,School,35.2,Fail
STU11958,Female,63.6,1.34,79.9,67.4,65.3,7.4,9,Medium,Yes,Graduate,27.7,Fail
STU11959,Male,74.6,3.3,64.7,56.4,73.2,7.4,5,Low,Yes,School,29.7,Fail
STU11960,Female,71.0,4.87,53.9,63.5,50.7,7.2,4,Low,Yes,School,26.7,Fail
STU11961,Male,80.0,5.05,58.8,61.5,76.2,6.3,7,Medium,Yes,School,29.0,Fail
STU11962,Male,70.3,0.69,95.2,33.6,50.7,5.4,9,Medium,No,School,26.6,Fail
STU11963,Male,74.7,2.65,58.3,56.9,85.8,7.3,6,Low,Yes,Graduate,27.1,Fail
STU11964,Female,75.2,2.46,35.0,96.0,75.7,5.6,7,High,Yes,Postgraduate,18.3,Fail
STU11965,Male,69.2,7.68,82.4,77.5,93.9,5.5,6,Medium,Yes,Graduate,45.9,Average
STU11966,Female,83.8,2.73,89.0,66.4,77.7,6.6,4,Medium,Yes,Graduate,42.1,Average
STU11967,Female,80.9,3.1,91.2,78.0,65.0,7.5,3,Low,Yes,Postgraduate,26.4,Fail
STU11968,Female,76.9,0.96,82.5,42.7,58.6,9.2,3,Medium,Yes,Graduate,37.8,Fail
STU11969,Female,72.8,1.72,84.8,76.2,72.1,8.1,9,High,Yes,School,34.5,Fail
STU11970,Female,87.6,0.9,68.7,91.2,68.6,8.6,0,Medium,Yes,School,34.1,Fail
STU11971,Male,75.2,3.45,38.9,70.2,84.4,7.7,5,Low,Yes,Graduate,23.3,Fail
STU11972,Female,74.3,7.84,68.4,45.4,56.9,7.4,6,Medium,No,Graduate,36.3,Fail
STU11973,Male,79.3,1.77,76.7,65.8,95.3,9.8,5,Medium,Yes,Postgraduate,48.1,Average
STU11974,Female,98.4,2.75,66.1,91.2,85.6,5.5,0,Low,Yes,School,38.4,Fail
STU11975,Female,61.9,1.61,65.5,75.9,66.4,6.5,7,Medium,Yes,Postgraduate,21.2,Fail
STU11976,Male,87.2,2.04,54.5,50.7,92.4,6.6,3,Low,Yes,Graduate,31.2,Fail
STU11977,Male,55.3,3.5,54.0,100.0,58.8,8.0,10,High,Yes,Postgraduate,31.2,Fail
STU11978,Male,80.6,10.23,93.7,53.2,71.7,5.9,4,Medium,Yes,Graduate,52.6,Average
STU11979,Female,96.9,7.59,94.2,68.4,52.4,7.8,1,Medium,Yes,School,47.3,Average
STU11980,Female,83.9,9.03,68.0,56.4,93.0,7.6,1,High,Yes,Graduate,50.1,Average
STU11981,Male,80.0,5.93,71.9,56.5,47.6,7.9,7,Medium,Yes,School,31.5,Fail
STU11982,Female,71.3,2.72,54.3,65.2,50.3,7.9,7,Low,Yes,School,24.8,Fail
STU11983,Male,78.4,2.45,77.0,81.5,60.7,8.7,5,Medium,Yes,Postgraduate,45.9,Average
STU11984,Female,75.0,1.78,92.6,91.4,86.2,6.9,4,Medium,Yes,Graduate,54.4,Average
STU11985,Female,68.6,0.5,46.6,66.2,81.4,7.6,5,Medium,Yes,School,29.7,Fail
STU11986,Male,74.5,2.69,74.5,56.8,70.6,6.2,6,High,Yes,Graduate,40.7,Average
STU11987,Female,80.4,7.91,75.5,79.2,82.2,5.9,4,Medium,No,Graduate,51.5,Average
STU11988,Male,68.8,7.85,75.4,79.6,67.5,8.9,7,High,Yes,School,40.2,Average
STU11989,Male,68.3,12.0,91.0,75.6,74.5,6.1,4,Low,Yes,School,58.3,Good
STU11990,Female,61.7,3.68,96.5,76.1,90.5,7.7,10,Low,No,Postgraduate,33.8,Fail
STU11991,Male,82.7,1.16,64.7,70.3,65.8,7.6,5,Low,Yes,School,39.3,Fail
STU11992,Male,84.5,4.66,77.4,73.5,59.0,8.3,3,Medium,Yes,Postgraduate,38.1,Fail
STU11993,Male,80.8,10.3,69.2,69.3,75.1,5.2,5,Low,No,School,44.3,Average
STU11994,Female,89.6,8.57,59.2,88.1,78.6,8.0,3,Low,Yes,Graduate,55.2,Good
STU11995,Female,79.1,2.24,71.8,100.0,70.4,6.9,2,High,No,Graduate,43.0,Average
STU11996,Female,82.7,1.26,77.4,74.7,82.0,6.3,6,Low,Yes,School,22.8,Fail
STU11997,Female,81.6,1.23,71.0,71.9,66.4,6.7,4,Low,Yes,Graduate,26.2,Fail
STU11998,Female,76.9,1.87,55.7,75.8,70.7,8.1,4,Medium,Yes,Graduate,33.9,Fail
STU11999,Female,71.6,2.1,61.5,62.1,73.9,7.8,4,Low,Yes,Graduate,32.1,Fail
STU12000,Female,100.0,2.57,61.6,83.5,72.7,6.9,1,Low,Yes,Postgraduate,39.3,Fail
STU12001,Male,72.6,5.08,56.2,78.6,90.0,5.7,6,Low,Yes,Postgraduate,36.0,Fail
STU12002,Female,70.0,2.51,72.4,65.7,73.8,5.8,7,Low,Yes,School,19.4,Fail
STU12003,Male,83.2,3.35,73.9,85.5,65.0,7.8,3,High,No,Graduate,49.4,Average
STU12004,Male,81.0,0.85,81.7,72.3,75.9,5.6,2,Medium,No,School,32.0,Fail
STU12005,Male,61.1,1.78,56.0,57.4,82.1,6.9,9,Medium,No,School,24.0,Fail
STU12006,Male,91.5,1.71,59.9,77.3,79.1,9.9,1,Medium,Yes,School,46.9,Average
STU12007,Female,76.9,0.71,89.8,75.6,78.3,7.5,5,Medium,Yes,Graduate,34.1,Fail
STU12008,Male,64.7,2.46,65.7,86.4,49.5,7.8,11,High,Yes,Graduate,27.5,Fail
STU12009,Female,92.3,0.85,68.4,84.5,36.6,5.8,3,Medium,Yes,Graduate,30.9,Fail
STU12010,Male,85.5,2.33,65.5,70.4,85.6,5.6,4,Low,No,Postgraduate,32.3,Fail
STU12011,Female,62.8,3.54,83.9,64.9,74.7,7.9,12,Low,Yes,Graduate,36.0,Fail
STU12012,Male,99.3,7.99,84.4,72.0,68.7,6.7,1,Low,Yes,School,45.6,Average
STU12013,Female,85.9,1.64,83.6,77.4,78.0,8.3,3,High,Yes,School,42.7,Average
STU12014,Male,77.9,3.47,68.4,79.3,94.1,7.2,3,Medium,Yes,Graduate,41.2,Average
STU12015,Female,97.1,1.97,55.8,76.5,87.4,10.0,0,Low,Yes,School,52.0,Average
STU12016,Female,79.9,0.81,95.0,70.6,81.5,6.5,1,Low,Yes,School,36.1,Fail
STU12017,Female,77.7,8.05,80.0,87.0,57.5,7.4,6,High,Yes,School,48.2,Average
STU12018,Female,70.1,3.65,61.6,61.9,59.2,6.1,4,Medium,Yes,Graduate,37.0,Fail
STU12019,Male,85.0,4.5,87.9,100.0,38.0,8.2,4,Low,Yes,Graduate,38.0,Fail
STU12020,Male,83.7,8.89,60.5,83.4,77.2,7.6,3,High,Yes,Graduate,49.2,Average
STU12021,Male,78.2,2.32,87.7,55.1,83.4,6.1,5,Medium,Yes,Graduate,32.7,Fail
STU12022,Male,68.5,1.11,88.7,74.8,84.5,6.8,6,Medium,Yes,Postgraduate,29.2,Fail
STU12023,Male,79.6,1.62,55.1,83.6,77.8,8.6,6,Medium,Yes,Postgraduate,31.2,Fail
STU12024,Female,77.2,1.02,76.1,66.8,67.0,8.5,6,Medium,Yes,Graduate,30.4,Fail
STU12025,Female,62.0,6.66,79.0,49.6,61.7,5.6,8,Low,No,Graduate,25.1,Fail
STU12026,Female,60.3,10.55,98.0,56.4,58.3,6.6,7,High,Yes,School,41.8,Average
STU12027,Female,84.8,3.51,57.6,80.1,66.9,9.1,4,Medium,Yes,Postgraduate,38.8,Fail
STU12028,Male,46.8,5.18,88.1,45.7,56.3,6.9,9,Medium,Yes,Graduate,21.9,Fail
STU12029,Male,80.5,6.1,68.2,50.3,91.8,7.3,2,Medium,Yes,School,42.7,Average
STU12030,Female,72.3,9.27,50.6,80.1,52.1,8.2,6,High,Yes,Graduate,43.7,Average
STU12031,Male,93.7,10.27,66.3,68.7,66.4,5.6,3,Low,Yes,Graduate,51.3,Average
STU12032,Male,72.1,0.56,68.0,61.6,43.8,6.1,5,Low,Yes,Postgraduate,19.3,Fail
STU12033,Female,85.9,2.02,53.2,64.6,72.9,6.8,3,Medium,Yes,School,33.3,Fail
STU12034,Male,73.2,3.24,72.4,49.9,69.0,8.4,5,Low,Yes,School,25.7,Fail
STU12035,Male,79.4,1.83,81.4,79.3,64.4,8.2,5,Medium,Yes,Postgraduate,37.8,Fail
STU12036,Male,86.8,2.62,71.3,59.9,56.9,7.9,4,Medium,Yes,Graduate,35.5,Fail
STU12037,Female,72.4,4.31,60.4,64.0,69.0,7.0,5,Low,Yes,School,26.4,Fail
STU12038,Male,90.0,4.23,65.9,77.2,61.9,8.4,0,Low,Yes,Graduate,34.0,Fail
STU12039,Female,66.1,5.97,67.9,68.2,67.2,6.9,5,Medium,Yes,Graduate,39.9,Fail
STU12040,Male,81.5,3.29,71.0,61.4,94.4,7.7,5,Low,Yes,School,32.5,Fail
STU12041,Female,89.1,0.5,83.5,42.2,71.2,8.1,0,Low,Yes,School,30.2,Fail
STU12042,Female,85.9,2.46,71.8,77.5,75.9,9.0,3,Medium,Yes,School,45.6,Average
STU12043,Male,100.0,4.02,48.4,73.2,63.0,7.0,1,Low,Yes,School,35.0,Fail
STU12044,Female,68.8,6.25,60.1,64.2,58.8,6.7,5,Medium,Yes,Graduate,32.7,Fail
STU12045,Male,61.5,5.67,70.3,56.4,68.7,8.5,7,High,Yes,School,25.3,Fail
STU12046,Male,66.1,2.97,83.7,72.2,100.0,8.6,8,Medium,Yes,Graduate,37.1,Fail
STU12047,Male,85.9,1.91,86.2,79.2,65.3,6.5,2,Medium,Yes,Graduate,43.2,Average
STU12048,Male,84.0,3.08,92.8,73.5,73.7,5.9,2,Medium,Yes,Graduate,47.6,Average
STU12049,Other,79.2,0.65,69.8,96.6,58.2,8.5,4,High,Yes,School,36.2,Fail
STU12050,Female,64.5,2.07,78.7,82.6,33.2,5.3,9,High,Yes,Graduate,21.8,Fail
STU12051,Female,87.2,7.01,47.6,70.4,58.7,5.2,5,High,Yes,School,28.3,Fail
STU12052,Male,63.3,3.07,74.0,83.1,99.9,6.8,7,Low,Yes,Postgraduate,40.3,Average
STU12053,Female,91.9,4.14,52.9,72.7,76.7,7.1,1,Low,Yes,School,28.9,Fail
STU12054,Female,100.0,0.98,67.1,72.7,90.3,5.8,2,Low,Yes,Postgraduate,39.4,Fail
STU12055,Male,82.4,6.22,98.0,91.4,64.5,7.2,1,Low,Yes,Graduate,45.2,Average
STU12056,Female,85.0,2.86,72.2,58.5,38.4,7.3,3,Low,Yes,Postgraduate,23.5,Fail
STU12057,Female,72.1,4.04,55.9,72.3,54.6,6.5,6,High,Yes,Postgraduate,29.9,Fail
STU12058,Female,56.3,4.66,73.7,89.8,74.2,9.2,11,Low,Yes,Postgraduate,39.7,Fail
STU12059,Female,70.8,6.07,60.8,76.6,72.1,7.5,8,Low,Yes,Graduate,35.7,Fail
STU12060,Male,64.9,3.63,54.5,66.5,68.9,8.2,6,High,Yes,School,22.2,Fail
STU12061,Female,60.6,2.91,97.4,46.4,62.1,5.4,8,High,Yes,Graduate,20.7,Fail
STU12062,Female,98.7,1.19,82.9,37.9,81.2,5.4,0,Low,Yes,School,33.3,Fail
STU12063,Female,81.3,0.9,72.8,100.0,62.5,7.5,3,Low,Yes,Graduate,27.3,Fail
STU12064,Male,82.6,3.57,62.5,76.6,73.0,9.0,4,High,Yes,Postgraduate,45.6,Average
STU12065,Male,74.3,4.06,63.6,63.2,71.5,5.9,5,High,Yes,Graduate,26.9,Fail
STU12066,Male,75.9,4.53,89.6,77.2,64.2,7.2,5,Medium,Yes,School,52.0,Average
STU12067,Male,89.6,1.65,72.3,57.8,57.5,5.6,4,Medium,Yes,Postgraduate,26.0,Fail
STU12068,Female,77.6,2.08,25.0,67.0,63.4,6.2,7,Medium,Yes,School,17.2,Fail
STU12069,Female,84.4,3.53,98.0,57.9,93.4,7.2,4,Medium,Yes,Postgraduate,45.4,Average
STU12070,Female,75.6,2.29,70.6,50.8,83.5,6.5,5,Low,Yes,Graduate,29.2,Fail
STU12071,Male,73.9,12.0,72.8,40.4,82.3,5.6,4,Medium,Yes,School,44.0,Average
STU12072,Female,61.1,2.05,83.2,48.0,58.8,5.5,10,High,Yes,School,25.8,Fail
STU12073,Male,54.3,4.26,74.5,87.3,50.3,4.9,10,Medium,No,Postgraduate,31.8,Fail
STU12074,Male,74.9,5.56,78.5,57.2,83.3,7.5,5,Low,Yes,School,41.4,Average
STU12075,Male,78.7,5.79,62.1,80.0,80.8,7.7,4,Medium,Yes,Postgraduate,48.6,Average
STU12076,Female,62.6,2.26,50.8,86.3,70.8,7.7,8,Medium,Yes,Graduate,24.4,Fail
STU12077,Female,77.6,4.68,71.9,72.2,64.2,6.0,6,Low,Yes,Graduate,36.5,Fail
STU12078,Female,78.6,4.29,88.0,67.5,50.0,8.1,6,Low,Yes,Graduate,34.5,Fail
STU12079,Male,52.1,4.82,58.9,74.0,80.3,7.8,12,Low,Yes,Graduate,32.0,Fail
STU12080,Male,67.0,3.5,57.8,65.8,84.4,7.0,7,High,No,Graduate,30.6,Fail
STU12081,Female,82.9,5.59,85.1,90.1,60.2,6.8,6,Low,Yes,Graduate,45.8,Average
STU12082,Female,82.6,3.79,61.6,100.0,59.1,6.3,5,High,No,Graduate,37.4,Fail
STU12083,Female,64.2,1.06,62.3,93.7,85.1,7.2,7,Medium,Yes,School,35.4,Fail
STU12084,Male,79.9,3.72,62.8,39.7,60.7,8.8,2,High,Yes,Postgraduate,28.5,Fail
STU12085,Male,90.3,4.02,67.1,65.4,92.1,8.3,2,High,Yes,Graduate,37.5,Fail
STU12086,Female,87.3,5.33,46.0,72.1,67.6,6.7,5,High,Yes,Graduate,38.4,Fail
STU12087,Male,76.9,3.58,60.4,78.9,64.0,7.6,3,High,Yes,Graduate,42.5,Average
STU12088,Male,72.4,9.41,71.2,46.1,69.6,5.8,6,Medium,Yes,Graduate,37.0,Fail
STU12089,Female,70.4,2.99,71.1,45.8,64.0,7.8,6,Low,Yes,School,28.8,Fail
STU12090,Female,83.6,2.17,84.2,91.6,83.6,6.1,5,Low,Yes,Postgraduate,34.9,Fail
STU12091,Female,80.3,7.6,93.8,63.6,80.5,7.8,3,Medium,Yes,Graduate,49.1,Average
STU12092,Male,85.6,2.93,89.2,49.7,83.1,10.0,2,Low,Yes,Postgraduate,45.4,Average
STU12093,Female,79.6,3.35,80.8,55.4,71.4,6.4,5,Medium,Yes,Postgraduate,27.9,Fail
STU12094,Male,87.8,4.03,65.9,77.9,63.1,10.0,1,Low,Yes,Graduate,33.6,Fail
STU12095,Female,79.1,3.8,59.3,59.7,68.9,7.5,1,Medium,Yes,Graduate,35.2,Fail
STU12096,Female,87.4,4.79,68.3,75.6,63.5,6.2,5,Low,Yes,School,30.7,Fail
STU12097,Male,88.4,5.12,76.2,57.3,88.1,6.1,4,Low,No,School,35.6,Fail
STU12098,Male,68.3,2.02,79.5,45.8,82.0,9.6,9,Medium,Yes,Graduate,30.8,Fail
STU12099,Male,56.3,1.28,76.7,93.4,67.8,7.5,10,Medium,Yes,School,23.1,Fail
STU12100,Male,96.5,1.41,66.3,78.0,57.0,6.4,2,High,Yes,School,32.3,Fail
STU12101,Male,81.1,7.07,79.0,67.0,89.0,6.8,4,Medium,Yes,Graduate,47.8,Average
STU12102,Female,57.4,2.76,85.7,64.2,70.8,7.5,8,Medium,Yes,School,28.2,Fail
STU12103,Male,69.4,5.53,80.3,94.0,67.3,7.0,7,Low,Yes,School,36.3,Fail
STU12104,Male,87.3,5.22,67.6,80.9,89.1,7.4,2,Low,Yes,Graduate,44.4,Average
STU12105,Female,74.6,3.35,56.3,89.2,62.4,9.0,3,Medium,Yes,School,38.8,Fail
STU12106,Female,71.9,1.63,56.0,63.2,64.9,5.8,5,Low,Yes,School,19.7,Fail
STU12107,Male,94.8,5.3,58.5,72.8,66.0,7.7,3,High,Yes,School,29.1,Fail
STU12108,Male,65.4,3.27,71.6,78.0,51.9,6.9,5,High,Yes,Graduate,25.7,Fail
STU12109,Male,68.4,1.21,75.3,63.7,73.1,6.5,4,Low,Yes,Postgraduate,35.0,Fail
STU12110,Male,80.5,2.3,48.2,70.6,59.1,8.2,5,Medium,Yes,School,22.2,Fail
STU12111,Male,82.7,0.83,60.9,63.2,61.6,5.4,3,Medium,Yes,Graduate,25.8,Fail
STU12112,Female,84.0,2.39,71.4,78.0,59.8,4.4,4,Low,Yes,School,38.1,Fail
STU12113,Male,88.9,3.47,55.4,52.2,61.4,7.2,4,Medium,Yes,Graduate,32.6,Fail
STU12114,Male,80.4,3.02,74.1,80.6,58.1,6.8,5,Medium,Yes,School,23.2,Fail
STU12115,Female,83.9,2.77,63.7,76.7,72.2,5.5,2,High,Yes,Postgraduate,44.3,Average
STU12116,Male,74.9,3.45,57.9,69.0,67.0,5.1,7,Low,Yes,Graduate,26.0,Fail
STU12117,Female,78.8,4.6,68.7,78.7,69.6,9.1,5,Medium,Yes,Graduate,43.0,Average
STU12118,Female,79.3,5.82,73.5,66.5,99.6,7.5,4,Low,Yes,School,44.7,Average
STU12119,Female,80.6,6.34,56.1,61.9,67.0,7.0,4,Low,Yes,Postgraduate,38.8,Fail
STU12120,Male,87.3,1.85,64.6,80.2,76.9,9.4,3,Medium,Yes,School,38.4,Fail
STU12121,Male,84.7,6.74,74.5,80.8,78.3,8.1,3,Medium,Yes,Graduate,42.0,Average
STU12122,Male,78.5,3.27,57.3,64.4,68.2,8.9,2,Medium,Yes,Graduate,36.3,Fail
STU12123,Female,68.3,2.55,44.8,63.1,72.6,5.7,7,High,Yes,Graduate,15.3,Fail
STU12124,Male,78.8,1.45,46.5,69.3,69.3,5.7,5,Low,Yes,Postgraduate,32.2,Fail
STU12125,Male,77.7,0.5,62.1,63.7,71.6,7.7,1,Medium,Yes,Graduate,29.5,Fail
STU12126,Female,80.3,4.39,49.5,94.9,61.4,7.5,5,Low,Yes,Graduate,32.7,Fail
STU12127,Male,100.0,4.27,63.1,76.7,62.6,8.4,3,High,Yes,School,36.8,Fail
STU12128,Female,71.7,2.15,91.3,72.2,69.2,5.2,4,Low,Yes,Graduate,36.8,Fail
STU12129,Female,83.1,2.19,48.7,58.0,43.4,7.8,3,Low,Yes,Graduate,23.6,Fail
STU12130,Male,90.8,2.94,64.0,83.1,88.4,8.1,2,Medium,Yes,Graduate,41.3,Average
STU12131,Male,79.2,2.51,97.9,62.8,97.1,8.0,7,Medium,Yes,Graduate,48.4,Average
STU12132,Female,100.0,1.78,73.7,62.2,71.2,6.6,2,Medium,Yes,Graduate,38.5,Fail
STU12133,Male,73.5,1.32,62.9,83.6,77.7,7.6,4,High,Yes,Graduate,34.7,Fail
STU12134,Female,81.9,6.79,65.8,77.8,83.1,6.1,4,Medium,No,School,36.8,Fail
STU12135,Male,68.4,2.29,74.0,34.4,51.8,6.7,10,Medium,Yes,Graduate,31.0,Fail
STU12136,Male,73.8,4.26,91.7,69.6,81.1,5.9,4,High,Yes,Postgraduate,50.9,Average
STU12137,Male,81.0,4.83,60.6,73.9,63.5,6.2,4,Medium,Yes,School,36.5,Fail
STU12138,Female,88.2,4.4,57.4,66.9,98.8,6.7,3,Low,Yes,School,43.3,Average
STU12139,Male,81.8,5.0,48.7,74.4,66.6,6.5,3,High,No,Graduate,33.9,Fail
STU12140,Male,93.1,4.37,69.4,44.9,80.8,6.2,4,Medium,Yes,School,33.3,Fail
STU12141,Male,76.9,1.99,48.3,29.5,66.7,5.6,4,Medium,Yes,Graduate,4.8,Fail
STU12142,Male,74.0,2.62,61.5,57.4,97.6,9.2,3,Medium,Yes,Graduate,32.2,Fail
STU12143,Male,100.0,6.67,55.3,76.2,62.3,6.4,0,Low,Yes,Graduate,51.4,Average
STU12144,Female,82.7,2.24,83.0,23.6,84.1,7.4,4,High,Yes,Postgraduate,41.0,Average
STU12145,Female,69.4,3.27,60.9,59.3,77.1,5.1,5,Low,Yes,Postgraduate,28.4,Fail
STU12146,Male,69.7,4.61,73.6,43.2,74.3,8.5,7,High,Yes,Graduate,26.0,Fail
STU12147,Male,66.7,8.26,45.5,68.4,72.0,7.2,8,High,Yes,Postgraduate,37.2,Fail
STU12148,Male,89.2,6.29,69.8,100.0,60.3,6.5,0,High,Yes,School,45.4,Average
STU12149,Male,73.6,1.58,51.2,68.7,35.4,6.5,4,Low,No,School,17.7,Fail
STU12150,Male,79.5,4.16,62.0,70.4,83.0,8.0,5,Medium,Yes,Graduate,32.9,Fail
STU12151,Female,77.2,3.84,98.0,84.6,62.6,4.0,6,Low,Yes,Graduate,36.3,Fail
STU12152,Male,86.8,2.64,81.1,72.3,84.2,6.1,2,Medium,Yes,School,45.7,Average
STU12153,Male,67.8,3.34,66.2,68.8,73.6,6.9,7,Medium,Yes,Graduate,41.2,Average
STU12154,Female,65.1,1.98,98.0,85.9,84.6,6.9,7,Medium,Yes,School,38.0,Fail
STU12155,Male,80.7,2.91,55.2,79.1,79.4,9.8,5,Medium,Yes,School,31.1,Fail
STU12156,Female,85.2,2.26,84.3,76.3,37.0,6.6,4,High,Yes,Graduate,39.3,Fail
STU12157,Female,82.0,3.52,46.5,69.9,77.0,8.1,3,Low,Yes,Postgraduate,26.5,Fail
STU12158,Male,68.3,2.57,64.6,66.8,64.5,9.0,7,Medium,Yes,Postgraduate,25.4,Fail
STU12159,Female,86.1,8.66,49.1,85.8,84.1,7.7,2,Medium,Yes,Graduate,49.1,Average
STU12160,Male,69.1,3.6,71.6,67.0,76.7,6.3,7,Low,Yes,Graduate,41.6,Average
STU12161,Male,71.7,3.14,68.8,90.5,76.8,5.6,6,Medium,No,School,28.7,Fail
STU12162,Female,66.7,2.8,63.7,56.3,65.5,7.8,10,Medium,Yes,Graduate,23.2,Fail
STU12163,Female,93.6,2.57,83.3,93.5,57.1,8.8,1,Medium,Yes,Graduate,47.7,Average
STU12164,Male,85.6,1.21,60.1,79.1,63.4,7.6,3,Medium,No,Graduate,29.1,Fail
STU12165,Male,85.3,5.52,72.6,57.5,45.6,8.4,2,High,Yes,Graduate,28.9,Fail
STU12166,Female,93.0,7.61,79.5,79.6,61.3,9.9,0,High,Yes,Postgraduate,59.5,Good
STU12167,Female,100.0,2.23,47.2,62.2,50.0,7.9,0,Low,Yes,Postgraduate,30.1,Fail
STU12168,Male,57.5,6.65,57.5,72.5,50.3,5.8,9,Medium,Yes,School,25.8,Fail
STU12169,Male,69.1,12.0,68.8,64.7,70.5,7.1,7,High,Yes,Postgraduate,45.6,Average
STU12170,Female,70.6,10.32,76.8,70.0,75.9,8.5,6,Low,Yes,School,52.9,Average
STU12171,Female,67.8,7.4,87.9,86.1,68.6,6.7,6,Medium,No,Postgraduate,43.4,Average
STU12172,Male,65.1,1.34,65.0,79.8,62.5,8.7,6,Medium,Yes,Graduate,24.8,Fail
STU12173,Male,74.4,1.33,63.6,55.1,56.7,6.9,4,Low,Yes,Graduate,31.3,Fail
STU12174,Male,63.4,4.99,55.8,56.0,64.9,7.4,6,Medium,No,Graduate,15.1,Fail
STU12175,Female,82.0,3.3,72.6,76.1,58.3,6.6,2,Medium,Yes,Graduate,36.2,Fail
STU12176,Female,78.6,0.52,63.8,77.1,68.2,7.2,6,Low,No,Postgraduate,27.0,Fail
STU12177,Female,83.8,2.43,64.2,61.9,49.2,7.2,6,Low,No,Postgraduate,24.3,Fail
STU12178,Female,84.1,4.84,66.7,95.9,78.1,5.2,0,High,No,Graduate,36.5,Fail
STU12179,Male,85.2,2.94,75.7,84.2,61.6,6.5,3,High,Yes,Postgraduate,34.8,Fail
STU12180,Female,73.5,3.31,60.1,62.6,73.9,5.6,6,Medium,Yes,Graduate,33.7,Fail
STU12181,Female,100.0,1.33,57.2,61.2,80.5,6.6,0,Medium,Yes,Graduate,42.8,Average
STU12182,Female,80.8,2.41,74.0,68.6,73.3,6.1,3,Low,Yes,School,30.3,Fail
STU12183,Female,55.7,5.0,25.6,67.0,79.4,8.1,10,High,Yes,Postgraduate,17.8,Fail
STU12184,Female,66.0,2.32,59.5,90.8,42.1,8.1,7,Low,Yes,Graduate,16.0,Fail
STU12185,Male,57.1,6.99,51.9,86.8,62.6,7.6,10,High,Yes,Graduate,36.4,Fail
STU12186,Male,78.2,3.36,84.8,72.5,83.3,5.6,3,Medium,Yes,Graduate,47.3,Average
STU12187,Male,76.5,4.37,61.8,82.2,75.6,6.9,3,Low,No,Postgraduate,22.3,Fail
STU12188,Male,72.4,4.93,60.1,84.3,93.0,5.5,6,Medium,Yes,School,24.9,Fail
STU12189,Female,100.0,4.8,67.3,72.9,91.2,6.8,0,High,Yes,Graduate,49.8,Average
STU12190,Male,84.6,1.54,59.7,78.0,72.9,7.7,5,High,Yes,Graduate,35.6,Fail
STU12191,Male,86.7,1.77,62.4,80.9,65.7,8.1,0,Medium,Yes,School,33.8,Fail
STU12192,Male,66.8,0.51,69.4,79.3,56.5,7.5,6,Low,Yes,School,23.8,Fail
STU12193,Male,66.0,2.61,62.1,60.3,62.8,8.4,6,Medium,Yes,Graduate,26.5,Fail
STU12194,Male,78.4,1.66,62.0,61.8,63.7,7.3,4,Medium,Yes,School,27.2,Fail
STU12195,Male,80.1,2.27,53.9,67.7,61.3,6.7,4,Medium,Yes,Postgraduate,24.2,Fail
STU12196,Male,55.7,2.81,51.8,61.4,57.1,8.0,9,Low,Yes,Postgraduate,18.8,Fail
STU12197,Male,75.8,3.67,68.8,49.9,74.2,8.0,6,High,Yes,School,28.3,Fail
STU12198,Female,78.2,2.97,72.3,82.1,91.1,6.4,5,Medium,Yes,Graduate,37.4,Fail
STU12199,Female,75.4,2.93,48.0,77.2,81.1,7.4,5,Low,Yes,School,19.0,Fail
STU12200,Male,68.2,4.15,78.6,51.9,64.8,6.7,10,Low,Yes,Graduate,26.5,Fail
STU12201,Female,71.5,3.21,78.7,68.4,82.2,4.8,8,Low,Yes,Graduate,36.0,Fail
STU12202,Male,75.9,5.78,81.6,69.2,73.5,7.5,4,Medium,Yes,Graduate,42.2,Average
STU12203,Female,79.1,3.21,72.2,74.7,68.5,5.6,4,Low,Yes,Graduate,31.7,Fail
STU12204,Female,85.3,8.29,76.9,55.8,67.7,7.4,2,Medium,Yes,Graduate,51.9,Average
STU12205,Female,91.0,1.49,98.0,51.7,66.4,5.3,2,Low,Yes,Graduate,41.7,Average
STU12206,Male,74.5,2.58,63.8,79.8,77.5,6.2,4,Low,Yes,Postgraduate,42.4,Average
STU12207,Male,72.5,2.0,53.4,49.0,70.8,6.5,4,Low,Yes,Postgraduate,34.4,Fail
STU12208,Female,83.3,3.77,46.5,68.5,59.5,8.3,0,Medium,Yes,Graduate,33.2,Fail
STU12209,Female,85.3,1.49,92.6,67.1,58.9,6.4,2,Medium,Yes,School,31.1,Fail
STU12210,Female,72.8,0.99,92.8,70.2,73.0,5.8,7,Medium,Yes,Graduate,32.5,Fail
STU12211,Male,87.5,1.73,55.1,75.8,74.6,7.4,2,Medium,Yes,Postgraduate,38.6,Fail
STU12212,Female,89.8,1.05,57.8,96.0,64.9,6.8,2,Medium,Yes,Graduate,43.0,Average
STU12213,Female,93.5,2.84,63.5,48.0,54.3,7.9,2,Medium,Yes,Graduate,26.2,Fail
STU12214,Female,99.3,3.66,85.1,85.1,85.3,5.9,0,Low,Yes,Graduate,50.9,Average
STU12215,Female,67.6,0.86,50.0,34.3,82.5,7.2,7,Medium,Yes,Graduate,15.1,Fail
STU12216,Male,78.2,2.47,40.5,92.9,43.2,9.7,6,Low,Yes,Graduate,24.4,Fail
STU12217,Male,78.1,6.28,98.0,41.4,86.4,6.7,5,Medium,Yes,Postgraduate,45.8,Average
STU12218,Female,76.8,7.46,72.4,100.0,66.3,7.2,6,Medium,Yes,School,46.6,Average
STU12219,Female,70.2,5.26,74.4,66.2,71.5,5.2,8,Medium,Yes,School,42.0,Average
STU12220,Male,60.2,0.5,65.1,91.4,83.8,6.1,9,Medium,Yes,Graduate,31.6,Fail
STU12221,Male,79.1,3.44,74.5,88.3,90.5,7.5,3,Medium,Yes,Graduate,44.1,Average
STU12222,Female,68.8,6.75,46.8,65.5,82.0,6.6,6,Low,Yes,Graduate,28.0,Fail
STU12223,Male,79.0,2.29,56.2,66.6,72.1,7.7,7,High,No,School,25.6,Fail
STU12224,Female,68.5,1.23,69.5,59.4,51.1,7.5,7,Low,Yes,Graduate,17.5,Fail
STU12225,Female,64.8,6.43,36.2,83.8,42.7,5.6,7,Low,Yes,Graduate,21.0,Fail
STU12226,Male,80.8,7.04,63.8,65.6,80.4,8.1,3,Low,Yes,Graduate,29.7,Fail
STU12227,Female,79.8,3.19,62.9,59.7,86.4,5.6,4,High,Yes,Graduate,33.4,Fail
STU12228,Male,85.0,1.24,63.8,80.1,58.4,6.2,4,High,Yes,Graduate,30.6,Fail
STU12229,Male,100.0,0.76,60.3,58.5,65.5,7.3,0,Low,Yes,Graduate,25.4,Fail
STU12230,Female,81.3,4.03,54.1,67.1,61.8,8.7,3,Low,Yes,School,28.0,Fail
STU12231,Male,83.8,2.02,42.5,73.6,61.4,5.9,3,Medium,Yes,Graduate,31.2,Fail
STU12232,Male,65.1,3.05,70.0,62.4,83.0,7.2,9,Low,Yes,Graduate,35.4,Fail
STU12233,Female,62.6,2.83,63.8,64.6,71.8,7.2,8,Low,Yes,School,21.2,Fail
STU12234,Male,97.0,1.66,48.7,95.0,66.0,7.7,1,Medium,Yes,Postgraduate,41.0,Average
STU12235,Male,66.9,0.72,68.9,68.9,100.0,8.3,7,Medium,Yes,Graduate,27.6,Fail
STU12236,Male,65.5,2.33,63.9,66.6,50.4,6.6,5,Medium,Yes,School,21.5,Fail
STU12237,Male,77.5,3.53,61.5,69.4,76.1,8.1,5,Medium,Yes,Graduate,36.8,Fail
STU12238,Male,76.9,3.65,37.8,78.8,55.4,8.5,6,Medium,Yes,School,32.2,Fail
STU12239,Female,67.2,1.92,77.6,56.5,67.0,9.0,6,Medium,Yes,Graduate,38.0,Fail
STU12240,Male,74.3,6.95,50.7,78.4,70.9,7.6,7,Low,No,School,31.7,Fail
STU12241,Male,92.8,1.34,68.9,75.8,80.0,7.2,2,Low,Yes,School,31.5,Fail
STU12242,Female,68.3,5.97,56.7,45.2,65.6,6.5,8,High,Yes,Graduate,33.3,Fail
STU12243,Male,61.3,3.46,62.6,98.9,64.2,5.4,8,Low,Yes,Graduate,26.9,Fail
STU12244,Male,89.3,2.35,84.1,93.9,65.4,6.7,3,Medium,Yes,School,44.6,Average
STU12245,Other,83.9,4.38,75.4,60.0,55.0,7.1,1,Low,Yes,School,33.1,Fail
STU12246,Female,70.6,2.71,83.8,55.2,77.2,6.9,6,Low,Yes,School,41.1,Average
STU12247,Female,59.0,0.98,72.6,75.4,72.7,7.7,9,Medium,Yes,School,23.9,Fail
STU12248,Male,69.1,1.26,73.5,50.6,74.7,5.4,7,Low,Yes,Graduate,28.3,Fail
STU12249,Female,77.3,2.59,43.1,92.5,68.1,6.8,6,Medium,Yes,School,27.1,Fail
STU12250,Female,92.0,2.12,63.6,65.0,66.5,9.2,1,Medium,Yes,Graduate,40.7,Average
STU12251,Male,65.6,5.88,64.9,96.3,84.3,8.1,6,Medium,Yes,Graduate,52.0,Average
STU12252,Male,77.0,2.05,85.1,59.6,82.3,7.7,2,Medium,Yes,School,29.0,Fail
STU12253,Male,86.1,1.96,60.9,70.3,87.4,7.4,2,Low,Yes,Graduate,35.8,Fail
STU12254,Female,49.4,1.77,71.7,91.0,73.8,6.6,11,High,Yes,Graduate,24.5,Fail
STU12255,Female,90.4,1.65,71.2,67.2,86.6,5.1,3,High,Yes,Graduate,39.8,Fail
STU12256,Male,63.8,1.7,84.2,76.1,63.6,7.5,5,Low,Yes,Graduate,36.1,Fail
STU12257,Male,82.0,1.11,66.1,88.4,66.4,4.3,5,Medium,Yes,School,26.7,Fail
STU12258,Female,81.0,3.56,79.6,63.7,84.5,6.6,2,Medium,Yes,Graduate,39.6,Fail
STU12259,Male,91.0,2.87,44.1,53.1,80.0,7.0,2,Medium,No,Postgraduate,31.2,Fail
STU12260,Female,84.6,2.79,45.4,50.1,65.2,6.5,2,Low,Yes,Graduate,17.3,Fail
STU12261,Female,49.5,0.81,36.0,80.8,55.4,9.4,11,Low,Yes,Graduate,14.4,Fail
STU12262,Female,68.6,4.13,79.0,77.8,66.3,9.0,6,Low,Yes,Graduate,33.8,Fail
STU12263,Male,79.7,4.41,77.4,87.9,60.1,8.1,5,Low,Yes,Postgraduate,44.7,Average
STU12264,Female,75.7,8.04,80.6,67.9,91.4,6.0,8,Medium,Yes,School,37.5,Fail
STU12265,Male,83.7,4.25,58.5,50.5,78.9,9.1,4,High,Yes,Graduate,33.7,Fail
STU12266,Female,87.5,9.07,60.1,36.7,59.0,7.7,2,Medium,Yes,Graduate,34.0,Fail
STU12267,Male,85.3,1.89,66.3,100.0,55.4,6.0,4,Medium,Yes,Graduate,33.8,Fail
STU12268,Female,75.4,8.32,88.2,79.9,58.9,7.0,8,Low,Yes,Graduate,50.3,Average
STU12269,Male,55.8,4.35,91.7,74.1,61.7,8.1,10,Medium,Yes,Graduate,40.3,Average
STU12270,Female,72.5,3.99,79.1,76.2,66.8,6.3,7,Medium,Yes,Graduate,33.9,Fail
STU12271,Male,83.0,2.74,72.6,50.5,83.5,7.2,1,High,No,Graduate,34.6,Fail
STU12272,Male,64.9,2.34,86.7,60.1,56.4,7.3,8,Medium,Yes,School,32.7,Fail
STU12273,Female,85.6,2.0,64.4,98.1,98.8,5.8,2,Medium,Yes,Postgraduate,39.6,Fail
STU12274,Male,88.9,8.5,62.5,81.9,56.7,6.7,1,Low,Yes,School,41.3,Average
STU12275,Male,79.5,2.68,66.2,60.5,50.7,5.9,4,High,Yes,School,23.0,Fail
STU12276,Male,41.2,4.4,54.3,53.6,90.9,8.0,12,Low,Yes,School,19.2,Fail
STU12277,Female,62.7,5.05,65.5,64.3,86.2,6.0,7,Low,Yes,Graduate,35.8,Fail
STU12278,Female,100.0,5.0,52.4,67.3,66.6,7.3,0,Medium,Yes,Graduate,36.1,Fail
STU12279,Female,71.4,3.57,82.4,100.0,74.0,5.5,5,Low,Yes,Graduate,45.2,Average
STU12280,Female,54.2,8.22,75.6,69.2,74.3,5.8,10,Low,Yes,Graduate,45.2,Average
STU12281,Female,92.8,4.17,88.0,54.2,70.8,5.7,2,High,Yes,School,43.8,Average
STU12282,Male,78.2,1.96,45.2,71.1,52.1,6.7,5,Low,Yes,School,18.3,Fail
STU12283,Male,91.3,2.42,94.6,76.0,36.7,7.2,3,Low,Yes,Postgraduate,44.0,Average
STU12284,Female,81.3,0.85,46.0,52.8,58.0,7.4,5,Low,Yes,Graduate,12.8,Fail
STU12285,Female,83.5,3.83,51.2,78.0,92.6,5.1,3,Low,Yes,Postgraduate,43.4,Average
STU12286,Male,82.4,4.64,59.3,90.1,93.1,6.8,0,High,Yes,School,41.4,Average
STU12287,Female,86.4,4.91,86.3,74.1,65.6,6.2,3,Medium,Yes,Postgraduate,55.9,Good
STU12288,Male,100.0,4.35,71.2,60.0,56.5,7.6,0,High,Yes,Postgraduate,38.6,Fail
STU12289,Male,89.7,2.75,64.6,64.1,72.6,6.7,2,High,Yes,Graduate,39.9,Fail
STU12290,Male,59.0,3.12,56.9,47.1,74.7,6.9,9,Medium,Yes,Graduate,14.3,Fail
STU12291,Female,83.4,3.13,48.7,70.0,76.8,6.2,5,Medium,Yes,School,27.6,Fail
STU12292,Male,91.7,5.9,83.9,76.7,36.1,8.9,4,Medium,Yes,Graduate,37.6,Fail
STU12293,Male,92.4,0.57,79.2,58.6,100.0,5.6,0,Medium,Yes,Graduate,34.5,Fail
STU12294,Male,72.9,2.22,86.9,100.0,83.7,6.6,3,Medium,Yes,Graduate,52.4,Average
STU12295,Other,92.0,1.41,73.6,83.9,66.4,7.1,2,Medium,Yes,School,31.8,Fail
STU12296,Male,89.1,10.33,31.0,45.1,59.7,6.7,3,Medium,Yes,Graduate,28.0,Fail
STU12297,Male,100.0,6.65,50.6,45.4,81.8,6.2,0,Medium,No,Graduate,33.4,Fail
STU12298,Female,69.0,2.29,74.5,57.2,75.4,5.0,6,Low,Yes,Graduate,32.8,Fail
STU12299,Female,71.9,1.01,62.8,95.6,70.2,6.2,7,Medium,Yes,Graduate,36.2,Fail
STU12300,Male,74.3,1.26,60.2,85.4,75.0,5.9,3,Medium,Yes,Postgraduate,39.9,Fail
STU12301,Male,72.1,5.84,52.6,96.4,67.5,8.8,4,Medium,Yes,School,34.7,Fail
STU12302,Female,67.3,0.83,81.3,72.2,74.2,9.5,6,Medium,No,School,39.7,Fail
STU12303,Male,44.8,3.16,74.4,68.9,78.4,6.9,11,Medium,Yes,School,22.1,Fail
STU12304,Male,72.8,5.24,75.0,53.3,73.5,5.5,6,Medium,Yes,Postgraduate,31.2,Fail
STU12305,Male,82.4,1.16,59.1,77.2,72.8,7.8,3,Low,Yes,Graduate,28.4,Fail
STU12306,Female,72.1,3.13,70.5,69.1,87.1,5.9,6,Medium,Yes,Graduate,32.1,Fail
STU12307,Female,100.0,2.32,49.3,68.5,48.2,6.4,3,Low,Yes,Postgraduate,26.4,Fail
STU12308,Female,78.2,2.1,66.2,96.3,58.6,6.3,3,Low,Yes,Graduate,29.1,Fail
STU12309,Male,93.5,1.84,32.6,70.1,69.3,6.4,0,Low,Yes,School,25.2,Fail
STU12310,Male,81.1,5.53,46.0,92.0,59.5,6.6,5,Medium,Yes,Graduate,21.0,Fail
STU12311,Other,87.9,7.55,63.5,48.2,63.9,5.6,4,Medium,Yes,Graduate,36.8,Fail
STU12312,Female,81.4,2.59,98.0,100.0,85.7,6.2,4,Low,Yes,Graduate,43.5,Average
STU12313,Male,94.4,4.0,42.8,66.4,67.1,8.1,4,High,No,School,26.3,Fail
STU12314,Female,78.7,3.18,50.6,82.6,45.2,7.0,5,Medium,Yes,Graduate,23.9,Fail
STU12315,Male,84.0,0.65,71.0,85.0,63.5,7.1,0,Medium,Yes,Graduate,42.1,Average
STU12316,Male,82.4,2.52,92.8,64.5,69.8,4.5,4,Medium,Yes,School,38.7,Fail
STU12317,Male,74.5,0.53,70.8,84.3,69.5,8.0,4,Medium,Yes,Postgraduate,35.2,Fail
STU12318,Female,82.9,2.18,77.8,85.1,76.2,6.2,6,Medium,Yes,School,33.7,Fail
STU12319,Female,100.0,3.07,63.3,61.3,75.2,8.2,1,Low,No,Postgraduate,42.0,Average
STU12320,Male,74.8,4.97,60.9,61.5,67.2,7.2,3,Low,Yes,School,39.3,Fail
STU12321,Male,83.0,3.76,69.2,72.7,53.5,6.4,5,Medium,Yes,Postgraduate,34.0,Fail
STU12322,Female,93.1,5.62,58.8,70.3,63.3,5.2,3,High,Yes,Graduate,28.8,Fail
STU12323,Male,91.7,1.62,78.1,92.9,60.9,9.4,1,Medium,Yes,School,39.9,Fail
STU12324,Male,78.1,6.96,45.5,82.5,65.3,7.9,4,Medium,Yes,School,38.2,Fail
STU12325,Female,49.4,7.56,80.5,70.9,78.0,7.9,12,Low,Yes,Graduate,33.8,Fail
STU12326,Female,84.2,0.5,68.6,81.1,74.3,9.0,0,Medium,Yes,Graduate,35.9,Fail
STU12327,Male,51.4,0.78,65.0,41.3,79.7,7.2,10,High,Yes,School,13.2,Fail
STU12328,Male,95.6,3.02,45.0,62.8,64.0,8.5,3,Medium,Yes,School,30.3,Fail
STU12329,Female,80.0,2.06,54.3,76.3,88.6,6.5,4,Medium,Yes,Graduate,26.6,Fail
STU12330,Male,90.0,2.31,84.8,88.7,77.7,7.8,3,Low,Yes,Graduate,45.1,Average
STU12331,Female,67.2,3.74,65.1,75.0,70.5,6.3,7,Low,Yes,Graduate,30.0,Fail
STU12332,Female,59.4,5.76,71.9,93.9,76.8,6.4,7,Low,Yes,School,34.0,Fail
STU12333,Female,81.1,1.55,55.7,85.0,60.2,7.1,3,Medium,Yes,Graduate,26.1,Fail
STU12334,Male,77.6,6.38,67.6,64.7,41.6,5.6,6,Medium,No,School,32.2,Fail
STU12335,Female,72.1,1.82,48.8,69.9,61.1,7.4,5,Low,Yes,Graduate,16.0,Fail
STU12336,Female,79.0,11.21,69.4,78.1,78.7,6.7,2,High,Yes,School,51.9,Average
STU12337,Female,100.0,6.99,73.2,65.3,70.0,4.8,0,High,Yes,Postgraduate,50.8,Average
STU12338,Male,88.0,1.96,72.5,95.0,67.2,6.5,2,Medium,Yes,Graduate,41.8,Average
STU12339,Other,90.6,1.03,55.3,55.4,58.0,6.6,0,High,Yes,Graduate,34.4,Fail
STU12340,Male,88.1,1.93,63.2,76.7,43.6,7.9,2,High,Yes,Postgraduate,27.9,Fail
STU12341,Male,95.8,1.73,75.5,83.0,87.5,7.3,2,Low,Yes,Postgraduate,40.8,Average
STU12342,Male,75.7,4.58,65.0,67.3,66.3,8.6,5,High,Yes,Graduate,34.4,Fail
STU12343,Male,53.3,0.51,64.0,63.9,63.4,7.6,8,Medium,Yes,Graduate,37.6,Fail
STU12344,Male,75.7,0.79,94.6,70.9,60.3,6.4,6,Low,Yes,Postgraduate,36.3,Fail
STU12345,Female,87.7,4.49,54.7,84.2,85.3,6.9,4,Low,Yes,School,40.5,Average
STU12346,Male,66.4,1.67,83.1,64.5,80.5,6.6,10,Medium,Yes,Graduate,35.0,Fail
STU12347,Male,75.9,2.2,51.8,56.0,56.4,7.5,7,High,Yes,Graduate,23.1,Fail
STU12348,Female,69.7,5.23,77.2,89.3,84.1,7.1,5,Medium,Yes,Graduate,50.4,Average
STU12349,Male,96.0,5.93,77.9,78.0,67.1,6.3,2,Medium,Yes,Postgraduate,38.5,Fail
STU12350,Female,87.0,6.78,60.9,87.1,61.1,7.0,3,Low,Yes,Graduate,41.7,Average
STU12351,Female,85.8,4.95,51.0,83.4,65.2,7.5,1,High,No,Graduate,39.7,Fail
STU12352,Male,85.5,2.68,40.4,100.0,58.8,5.9,3,Low,Yes,Postgraduate,34.6,Fail
STU12353,Male,77.6,2.52,59.4,88.7,51.8,7.3,7,Medium,Yes,Graduate,24.1,Fail
STU12354,Male,80.4,2.31,75.4,61.1,79.1,5.3,6,Medium,Yes,School,26.0,Fail
STU12355,Female,63.8,1.17,52.9,79.1,66.1,8.2,6,Low,Yes,School,17.4,Fail
STU12356,Male,51.8,1.5,69.4,63.6,77.0,7.6,10,High,Yes,Graduate,28.4,Fail
STU12357,Female,79.8,6.22,47.3,65.2,72.7,8.8,5,High,Yes,School,37.0,Fail
STU12358,Female,81.9,1.81,64.7,50.8,76.1,5.8,1,Medium,Yes,Graduate,26.4,Fail
STU12359,Female,92.5,1.17,51.9,67.7,42.4,8.2,0,Medium,Yes,Postgraduate,38.9,Fail
STU12360,Female,96.9,6.55,66.9,80.2,57.7,8.0,1,High,Yes,School,46.2,Average
STU12361,Male,96.8,3.59,61.0,71.0,76.4,6.8,1,Low,Yes,Postgraduate,40.1,Average
STU12362,Female,66.0,8.61,51.3,55.5,52.4,6.6,4,Low,Yes,Graduate,27.1,Fail
STU12363,Female,73.8,8.04,58.8,49.2,73.8,5.8,6,Medium,Yes,Postgraduate,39.3,Fail
STU12364,Female,83.8,1.26,54.9,100.0,50.9,5.5,5,Medium,Yes,School,28.9,Fail
STU12365,Female,100.0,2.88,49.6,76.9,69.2,6.2,0,Medium,Yes,Graduate,45.7,Average
STU12366,Male,95.8,1.41,83.2,59.6,89.9,5.6,1,Medium,Yes,Graduate,36.3,Fail
STU12367,Female,91.4,1.4,63.0,78.9,79.1,8.8,3,Medium,Yes,Graduate,31.9,Fail
STU12368,Female,73.3,2.26,37.2,100.0,44.9,5.3,6,Low,Yes,Postgraduate,16.7,Fail
STU12369,Female,67.4,4.67,59.3,81.3,80.0,7.2,4,Low,Yes,Postgraduate,39.2,Fail
STU12370,Female,87.5,4.68,80.8,30.2,92.7,7.5,1,Low,No,School,35.3,Fail
STU12371,Male,64.8,4.31,57.3,100.0,100.0,7.4,6,Medium,Yes,Graduate,48.5,Average
STU12372,Female,75.1,2.68,89.0,44.3,75.2,7.5,4,Medium,Yes,Graduate,34.8,Fail
STU12373,Male,76.6,4.85,56.0,68.9,51.3,8.0,7,High,Yes,School,33.7,Fail
STU12374,Male,97.1,1.16,75.0,55.0,74.7,6.5,2,Medium,Yes,Postgraduate,33.3,Fail
STU12375,Male,73.7,3.63,82.5,60.9,89.7,7.1,4,Medium,Yes,Graduate,47.5,Average
STU12376,Male,48.7,3.14,74.3,76.3,66.6,6.7,10,Low,Yes,Postgraduate,33.6,Fail
STU12377,Female,84.1,2.56,48.8,40.9,82.6,8.4,5,Medium,No,Postgraduate,25.0,Fail
STU12378,Male,69.6,3.72,54.8,70.6,58.1,9.3,5,High,Yes,School,31.8,Fail
STU12379,Female,78.5,0.5,84.4,89.2,73.8,5.7,6,Low,Yes,Graduate,36.4,Fail
STU12380,Female,77.0,1.43,56.7,59.4,36.6,4.8,7,Medium,Yes,Graduate,18.5,Fail
STU12381,Female,74.7,4.42,81.7,51.1,56.6,7.6,7,Low,Yes,Postgraduate,38.5,Fail
STU12382,Male,87.5,3.09,62.0,69.9,68.9,8.2,3,Low,No,Graduate,38.3,Fail
STU12383,Other,59.6,0.86,70.0,66.9,64.3,9.2,10,Medium,Yes,School,26.6,Fail
STU12384,Female,71.8,3.04,48.6,63.1,52.1,7.8,5,Medium,Yes,Graduate,27.2,Fail
STU12385,Female,86.2,2.08,59.5,54.2,62.5,8.5,6,Medium,Yes,School,20.6,Fail
STU12386,Male,70.6,6.32,55.7,79.8,73.3,8.8,6,High,Yes,Graduate,38.9,Fail
STU12387,Female,58.7,1.23,71.2,80.9,67.9,8.6,10,High,Yes,Postgraduate,25.2,Fail
STU12388,Male,86.0,1.27,69.3,56.0,69.8,8.0,2,Medium,Yes,School,32.1,Fail
STU12389,Male,91.5,4.05,74.5,58.1,78.5,5.6,2,Low,Yes,School,41.7,Average
STU12390,Male,77.5,2.75,61.1,74.0,64.5,7.0,5,Medium,Yes,Graduate,31.5,Fail
STU12391,Female,54.5,2.66,55.0,57.5,86.7,7.3,8,Medium,Yes,Postgraduate,13.9,Fail
STU12392,Male,86.5,11.25,70.6,74.7,56.1,6.9,1,Medium,Yes,School,42.8,Average
STU12393,Male,58.1,4.77,53.6,94.0,94.1,7.0,8,Medium,Yes,School,37.6,Fail
STU12394,Female,81.7,2.42,83.1,71.1,83.5,8.7,5,Medium,Yes,Graduate,40.5,Average
STU12395,Male,67.4,0.76,66.4,53.8,64.4,6.2,4,Low,Yes,Graduate,26.0,Fail
STU12396,Male,64.1,2.32,63.4,77.9,65.2,7.9,7,Low,Yes,School,19.8,Fail
STU12397,Female,72.7,1.13,74.5,69.3,71.7,7.3,7,Medium,Yes,Postgraduate,34.5,Fail
STU12398,Female,75.8,1.51,66.9,69.7,76.8,6.1,3,High,Yes,Postgraduate,36.4,Fail
STU12399,Female,70.3,1.55,44.8,79.1,83.2,5.8,8,Medium,Yes,Graduate,29.0,Fail
STU12400,Female,85.1,6.0,53.1,82.4,51.6,5.1,1,High,Yes,School,30.4,Fail
STU12401,Male,72.6,0.93,82.8,72.5,74.7,7.5,4,Medium,Yes,Graduate,40.8,Average
STU12402,Male,89.8,5.62,69.2,71.1,41.5,6.9,2,Low,Yes,School,40.9,Average
STU12403,Male,81.4,4.17,44.5,100.0,66.7,6.1,7,Medium,Yes,Graduate,21.1,Fail
STU12404,Female,69.6,4.13,72.9,90.0,87.9,4.9,5,High,Yes,Graduate,41.4,Average
STU12405,Male,67.6,1.46,60.2,84.5,50.6,7.5,4,Medium,Yes,School,16.9,Fail
STU12406,Male,58.2,5.14,55.8,74.0,48.2,6.8,6,Medium,Yes,School,20.0,Fail
STU12407,Female,81.5,1.32,52.0,56.9,71.9,6.2,5,Medium,Yes,School,19.2,Fail
STU12408,Female,73.7,7.63,82.0,88.9,87.0,5.9,3,Low,Yes,School,47.3,Average
STU12409,Male,49.5,6.09,40.5,74.2,73.2,6.7,12,Low,Yes,School,20.9,Fail
STU12410,Female,71.6,8.47,56.3,63.3,44.2,7.5,6,Low,Yes,Graduate,34.5,Fail
STU12411,Female,67.2,3.15,69.7,68.4,47.1,6.6,7,Medium,Yes,Graduate,27.8,Fail
STU12412,Female,96.9,2.75,90.1,57.5,70.3,5.7,1,High,Yes,School,44.4,Average
STU12413,Male,57.6,2.27,75.8,87.9,53.7,6.9,7,Low,Yes,Graduate,22.8,Fail
STU12414,Male,60.7,11.1,56.2,82.2,70.8,8.2,8,Low,Yes,Postgraduate,46.5,Average
STU12415,Male,91.3,4.64,89.4,74.7,71.5,7.0,0,Medium,Yes,Graduate,33.2,Fail
STU12416,Male,94.3,1.14,49.0,71.4,62.6,7.1,3,High,No,Postgraduate,36.8,Fail
STU12417,Male,69.1,7.08,71.7,61.8,92.6,6.6,5,Medium,Yes,Graduate,49.4,Average
STU12418,Male,70.4,2.68,74.8,40.0,76.7,6.0,7,Medium,Yes,School,29.7,Fail
STU12419,Male,85.4,0.5,55.7,50.8,84.8,6.0,1,Medium,No,School,37.0,Fail
STU12420,Male,50.1,1.73,77.8,60.9,81.0,5.2,9,Medium,Yes,Graduate,16.7,Fail
STU12421,Male,55.7,6.09,60.8,58.6,67.0,8.3,8,High,Yes,Postgraduate,35.4,Fail
STU12422,Male,74.6,4.18,77.7,76.3,66.5,7.5,10,Low,No,Graduate,33.2,Fail
STU12423,Male,96.6,4.75,42.2,84.2,65.1,7.1,1,High,Yes,Graduate,39.1,Fail
STU12424,Male,72.8,7.03,72.7,70.1,77.9,7.3,4,Medium,Yes,Graduate,37.7,Fail
STU12425,Male,79.2,0.64,62.2,93.1,60.5,7.4,3,Medium,Yes,School,33.4,Fail
STU12426,Female,91.6,1.74,84.1,60.3,91.4,6.2,0,Low,No,School,40.5,Average
STU12427,Male,100.0,3.2,67.4,70.0,59.3,6.6,0,High,Yes,Postgraduate,37.1,Fail
STU12428,Female,71.1,6.21,85.5,71.2,71.8,6.5,9,Medium,Yes,School,38.1,Fail
STU12429,Male,77.8,1.32,75.1,88.4,66.0,9.8,5,Medium,Yes,School,31.1,Fail
STU12430,Male,99.9,2.41,66.2,73.6,63.1,8.1,1,Medium,No,Graduate,36.5,Fail
STU12431,Male,59.7,3.06,79.0,74.0,97.2,7.2,7,Low,Yes,Graduate,42.1,Average
STU12432,Male,90.3,1.67,79.1,47.2,63.3,8.5,2,Low,Yes,Postgraduate,39.8,Fail
STU12433,Female,65.8,3.04,74.6,58.5,65.0,8.4,7,Low,Yes,School,31.3,Fail
STU12434,Female,79.2,2.74,35.9,88.4,60.4,5.5,3,Low,Yes,Postgraduate,29.8,Fail
STU12435,Male,75.1,2.04,54.2,40.9,69.5,6.8,6,Medium,Yes,School,25.2,Fail
STU12436,Male,66.5,5.13,87.4,92.1,67.7,7.0,8,Medium,Yes,School,37.5,Fail
STU12437,Female,66.2,4.54,50.4,79.5,54.4,7.7,8,Medium,Yes,Graduate,28.8,Fail
STU12438,Female,81.3,5.28,80.4,60.8,63.5,6.8,4,Medium,Yes,Postgraduate,45.7,Average
STU12439,Male,89.9,5.59,77.9,59.5,76.9,6.9,4,Low,Yes,Graduate,34.3,Fail
STU12440,Male,76.4,8.18,57.8,100.0,82.4,6.5,4,Medium,Yes,School,38.4,Fail
STU12441,Male,78.8,0.83,40.1,93.2,69.3,8.2,4,Medium,Yes,Graduate,22.1,Fail
STU12442,Male,84.9,0.92,60.0,70.2,69.8,5.4,5,Medium,Yes,School,17.4,Fail
STU12443,Male,66.3,4.85,97.1,74.0,64.3,6.5,5,Low,Yes,Postgraduate,36.0,Fail
STU12444,Male,86.9,2.18,55.9,62.3,62.5,5.0,0,High,Yes,Postgraduate,28.0,Fail
STU12445,Female,87.8,1.98,56.9,74.0,57.0,5.9,1,Medium,Yes,Graduate,38.3,Fail
STU12446,Male,100.0,1.75,54.0,61.9,48.8,7.3,1,High,Yes,Graduate,28.0,Fail
STU12447,Male,73.5,5.4,85.0,70.8,59.9,7.4,7,Medium,Yes,Graduate,31.6,Fail
STU12448,Male,72.5,10.65,64.6,99.2,80.8,6.7,5,Medium,Yes,Graduate,52.0,Average
STU12449,Female,87.2,5.57,59.2,70.6,63.5,8.2,5,High,Yes,School,35.5,Fail
STU12450,Male,87.8,2.11,87.8,56.3,64.5,8.5,2,High,Yes,Graduate,37.0,Fail
STU12451,Male,71.6,5.23,76.1,51.5,64.2,6.9,6,High,No,Graduate,29.7,Fail
STU12452,Male,73.2,0.9,55.1,73.9,85.2,7.3,4,High,Yes,Postgraduate,38.1,Fail
STU12453,Male,84.5,2.6,50.9,60.6,56.9,6.5,6,High,No,Graduate,16.4,Fail
STU12454,Male,68.1,0.64,84.2,75.7,72.6,7.7,6,Medium,Yes,Postgraduate,27.8,Fail
STU12455,Male,73.1,2.19,68.2,47.7,68.1,5.7,3,Low,Yes,Graduate,27.9,Fail
STU12456,Male,79.1,3.45,46.3,82.4,69.9,9.0,8,Medium,Yes,Postgraduate,29.7,Fail
STU12457,Male,90.0,11.9,43.0,56.1,72.2,8.3,3,Medium,Yes,Postgraduate,52.7,Average
STU12458,Male,70.7,6.53,52.4,72.7,69.7,5.7,7,Medium,No,School,27.6,Fail
STU12459,Male,55.9,0.66,50.6,66.9,79.3,6.1,11,Medium,Yes,Graduate,17.7,Fail
STU12460,Male,55.0,0.72,39.4,97.8,68.6,7.5,10,Medium,Yes,Graduate,24.5,Fail
STU12461,Other,62.9,1.68,52.6,74.6,91.7,6.6,9,High,Yes,Postgraduate,20.5,Fail
STU12462,Female,62.2,9.15,55.1,100.0,69.6,7.6,8,Medium,Yes,School,41.4,Average
STU12463,Female,76.1,0.69,61.5,80.4,46.9,6.6,6,Low,No,Graduate,19.3,Fail
STU12464,Male,63.7,1.76,91.7,93.4,77.3,8.7,7,Medium,Yes,Postgraduate,48.9,Average
STU12465,Female,69.6,1.76,64.3,68.9,74.1,7.0,6,Medium,Yes,School,24.7,Fail
STU12466,Female,68.7,4.04,65.7,77.2,69.4,9.7,6,Low,Yes,School,34.4,Fail
STU12467,Male,72.7,5.31,75.1,90.3,65.6,7.7,5,Medium,Yes,Graduate,40.7,Average
STU12468,Female,93.9,4.57,64.7,85.6,41.5,5.5,2,High,Yes,Graduate,38.5,Fail
STU12469,Male,85.9,3.66,73.6,80.0,43.7,9.3,4,Low,Yes,Graduate,35.0,Fail
STU12470,Female,78.2,0.86,71.9,67.1,90.4,8.2,6,Medium,Yes,School,36.0,Fail
STU12471,Male,72.5,3.27,69.7,69.6,61.4,7.4,6,Medium,Yes,Graduate,41.0,Average
STU12472,Female,72.8,7.16,98.0,89.1,81.6,7.7,8,Medium,Yes,School,49.6,Average
STU12473,Female,81.9,8.73,80.8,92.2,48.2,5.7,5,Medium,No,Postgraduate,47.0,Average
STU12474,Male,85.0,3.97,52.9,63.1,55.4,5.0,3,Medium,Yes,School,37.2,Fail
STU12475,Female,67.1,0.66,73.2,60.8,77.8,7.0,7,Medium,No,Graduate,29.2,Fail
STU12476,Male,78.4,4.02,56.9,58.4,67.7,8.5,6,High,Yes,Graduate,19.8,Fail
STU12477,Female,53.6,2.74,74.2,84.4,76.0,7.4,8,Low,Yes,Graduate,28.3,Fail
STU12478,Male,80.5,0.77,48.7,58.1,68.8,8.9,7,Medium,Yes,School,16.6,Fail
STU12479,Male,87.1,1.25,52.5,84.3,66.3,8.5,1,Medium,Yes,Graduate,39.7,Fail
STU12480,Male,74.6,1.46,72.8,80.2,60.2,7.0,6,Low,Yes,School,27.6,Fail
STU12481,Female,99.8,4.86,82.0,63.8,53.5,8.3,0,High,Yes,School,49.4,Average
STU12482,Female,67.4,8.49,75.0,95.5,87.2,8.7,6,Medium,Yes,Graduate,55.3,Good
STU12483,Male,80.6,4.37,80.0,50.1,89.4,6.9,2,Low,Yes,School,41.6,Average
STU12484,Male,77.6,4.96,73.2,96.9,55.5,6.8,6,Low,No,Postgraduate,31.1,Fail
STU12485,Male,76.8,2.88,70.4,76.8,54.6,7.2,3,Low,Yes,Graduate,34.7,Fail
STU12486,Female,76.6,1.95,60.9,40.9,64.5,4.3,3,Medium,Yes,School,27.2,Fail
STU12487,Male,79.3,4.45,79.4,95.9,73.4,7.3,6,Medium,Yes,Postgraduate,38.8,Fail
STU12488,Male,88.2,3.7,82.3,86.6,66.6,7.8,5,Medium,Yes,School,41.1,Average
STU12489,Female,94.5,1.58,67.1,65.6,75.5,7.2,0,Medium,Yes,Postgraduate,41.3,Average
STU12490,Other,78.0,3.53,66.4,57.5,68.4,7.4,6,Medium,Yes,School,30.6,Fail
STU12491,Male,87.8,3.02,90.3,48.5,67.5,7.0,4,High,Yes,Graduate,46.2,Average
STU12492,Male,69.6,2.39,67.7,100.0,100.0,4.8,6,High,Yes,Postgraduate,45.0,Average
STU12493,Female,87.2,1.9,69.1,58.1,62.2,8.8,5,Low,Yes,School,31.3,Fail
STU12494,Male,68.9,3.97,74.8,53.0,90.3,6.6,6,Medium,Yes,Graduate,40.0,Fail
STU12495,Male,91.1,2.0,66.6,76.0,87.8,6.3,3,High,Yes,School,42.4,Average
STU12496,Other,100.0,10.66,56.5,47.4,75.6,8.5,0,Medium,Yes,Graduate,49.2,Average
STU12497,Male,76.5,4.27,73.3,57.3,44.0,8.1,3,Low,Yes,School,27.0,Fail
STU12498,Male,51.7,4.01,67.5,86.9,69.4,7.3,11,Low,Yes,School,31.5,Fail
STU12499,Male,71.4,2.66,93.8,79.0,62.3,7.8,7,High,Yes,School,34.6,Fail
STU12500,Female,92.8,2.24,79.0,66.2,69.3,5.7,1,Medium,Yes,Graduate,38.7,Fail
STU12501,Female,84.6,0.51,59.7,72.3,55.2,6.9,6,Medium,Yes,Postgraduate,21.2,Fail
STU12502,Male,81.0,1.66,78.2,65.4,78.8,8.4,7,High,Yes,Postgraduate,42.1,Average
STU12503,Female,90.1,0.65,72.3,71.1,81.8,6.3,3,Low,No,Graduate,39.6,Fail
STU12504,Female,83.8,0.64,86.3,60.6,84.2,5.9,1,High,Yes,Postgraduate,36.0,Fail
STU12505,Female,92.6,1.09,60.7,63.3,64.0,7.1,1,Medium,Yes,Postgraduate,32.4,Fail
STU12506,Male,89.0,6.68,70.6,62.8,55.2,7.1,1,Medium,Yes,Graduate,38.8,Fail
STU12507,Male,96.3,6.66,66.6,61.1,73.6,7.7,1,Low,Yes,School,47.0,Average
STU12508,Female,82.3,1.7,68.8,87.7,91.8,5.5,2,Low,Yes,Graduate,46.0,Average
STU12509,Male,88.9,0.84,55.6,83.6,69.9,4.2,0,Medium,Yes,School,27.5,Fail
STU12510,Male,74.3,2.16,76.1,58.0,74.9,8.0,2,Low,Yes,Postgraduate,20.1,Fail
STU12511,Female,70.8,4.83,73.9,54.1,65.9,5.8,6,Low,Yes,Graduate,35.5,Fail
STU12512,Female,98.5,5.81,86.0,69.6,62.5,6.3,0,Low,Yes,School,44.7,Average
STU12513,Male,80.6,3.49,67.9,100.0,77.6,4.6,3,Medium,Yes,Postgraduate,42.0,Average
STU12514,Male,87.7,3.93,62.2,56.6,67.6,8.1,4,High,Yes,School,38.5,Fail
STU12515,Female,79.5,3.67,79.1,69.6,74.2,7.4,3,Low,Yes,Postgraduate,38.4,Fail
STU12516,Male,71.0,0.7,56.9,73.3,75.6,7.3,4,Low,Yes,Postgraduate,25.0,Fail
STU12517,Male,78.1,0.92,83.2,70.4,73.5,7.3,4,Medium,Yes,Graduate,35.4,Fail
STU12518,Male,95.2,8.72,83.2,65.1,76.3,4.7,0,Medium,Yes,Graduate,53.8,Average
STU12519,Male,84.7,3.48,85.6,89.3,57.9,5.9,3,Medium,Yes,School,44.8,Average
STU12520,Male,57.5,0.5,73.3,78.8,57.1,6.5,7,High,Yes,Graduate,34.0,Fail
STU12521,Other,75.4,4.1,61.2,84.7,68.4,6.2,5,Low,Yes,Postgraduate,36.0,Fail
STU12522,Male,99.4,1.4,69.5,80.8,68.8,6.7,0,Medium,Yes,School,38.2,Fail
STU12523,Male,75.4,6.12,73.3,85.4,62.2,7.3,5,High,Yes,School,44.8,Average
STU12524,Male,56.4,5.7,60.2,95.8,72.1,8.1,11,Medium,Yes,Graduate,30.0,Fail
STU12525,Male,100.0,4.65,86.7,92.0,80.8,5.4,0,Medium,Yes,Graduate,60.5,Good
STU12526,Male,86.2,3.45,76.1,100.0,84.4,7.0,4,High,Yes,Graduate,49.2,Average
STU12527,Female,77.2,7.11,55.5,90.3,87.4,7.8,4,Low,Yes,School,40.8,Average
STU12528,Female,73.5,7.58,94.4,62.0,51.9,6.0,6,Low,Yes,School,32.4,Fail
STU12529,Male,91.0,1.43,69.4,84.7,53.9,6.8,1,Low,Yes,Postgraduate,38.5,Fail
STU12530,Male,71.5,4.61,52.7,82.7,65.2,7.5,6,High,Yes,School,29.9,Fail
STU12531,Male,91.8,1.92,56.4,100.0,70.0,7.0,3,High,Yes,School,36.8,Fail
STU12532,Male,84.5,1.26,88.8,57.5,65.9,7.7,2,Low,Yes,School,26.2,Fail
STU12533,Male,80.9,7.57,93.5,80.4,61.8,7.1,3,Medium,Yes,Graduate,48.5,Average
STU12534,Male,79.7,5.12,82.1,61.8,65.0,6.7,3,Medium,Yes,School,35.6,Fail
STU12535,Male,75.9,3.65,86.5,79.7,75.3,5.7,4,Low,No,School,38.8,Fail
STU12536,Male,90.5,1.55,85.0,68.8,51.7,7.3,2,High,Yes,Graduate,36.6,Fail
STU12537,Female,67.6,7.72,75.8,79.2,99.5,7.1,6,Medium,No,School,32.4,Fail
STU12538,Male,58.5,1.38,72.6,50.8,69.3,5.9,11,High,Yes,Postgraduate,20.2,Fail
STU12539,Female,85.4,1.13,75.6,83.9,82.7,7.6,7,Medium,No,Postgraduate,31.6,Fail
STU12540,Male,85.6,3.02,78.3,75.1,61.5,8.4,2,Low,Yes,Graduate,34.2,Fail
STU12541,Female,83.8,4.82,57.6,74.3,76.5,6.3,4,Medium,Yes,Graduate,42.1,Average
STU12542,Female,82.9,2.33,78.2,100.0,70.3,6.2,5,Medium,Yes,School,31.2,Fail
STU12543,Female,74.2,12.0,88.4,66.3,80.1,6.2,5,Low,Yes,Graduate,53.1,Average
STU12544,Female,87.4,3.41,65.1,77.1,66.4,5.2,1,Low,Yes,School,30.4,Fail
STU12545,Male,77.5,1.91,63.6,73.5,89.2,9.2,7,High,Yes,Graduate,34.1,Fail
STU12546,Male,72.2,2.09,74.7,75.0,49.6,6.5,7,Medium,Yes,School,21.9,Fail
STU12547,Female,74.3,9.35,58.9,100.0,81.3,6.1,6,Medium,No,Graduate,46.9,Average
STU12548,Male,100.0,2.82,49.6,73.0,70.5,5.8,2,Low,No,School,30.8,Fail
STU12549,Female,57.2,7.4,84.1,63.5,55.8,6.6,10,Medium,Yes,Graduate,25.4,Fail
STU12550,Female,84.0,0.62,61.7,100.0,94.4,6.2,3,Medium,No,School,43.0,Average
STU12551,Male,57.9,6.2,68.3,67.4,93.0,8.6,7,Low,Yes,School,30.7,Fail
STU12552,Female,76.7,1.62,59.5,47.9,42.0,5.6,4,Low,No,Graduate,17.4,Fail
STU12553,Male,72.8,5.2,85.9,60.9,71.3,5.3,7,Medium,Yes,Graduate,31.1,Fail
STU12554,Male,53.0,1.61,79.9,53.3,78.2,7.6,10,Medium,Yes,Postgraduate,25.8,Fail
STU12555,Female,82.7,2.21,64.6,45.0,74.7,6.9,3,Low,Yes,School,20.4,Fail
STU12556,Female,73.4,1.23,51.5,66.6,88.7,6.8,8,High,Yes,School,23.0,Fail
STU12557,Male,52.8,5.27,63.1,70.9,86.0,7.6,9,Low,Yes,Graduate,30.4,Fail
STU12558,Male,88.1,5.83,76.0,89.7,72.4,7.2,4,High,Yes,School,40.5,Average
STU12559,Female,95.2,1.66,70.6,81.4,98.6,6.9,1,Low,Yes,Postgraduate,46.9,Average
STU12560,Female,95.9,0.79,69.5,80.8,81.2,5.5,4,Medium,Yes,School,37.9,Fail
STU12561,Female,82.3,7.33,71.0,58.6,64.4,5.2,5,Medium,Yes,Postgraduate,51.8,Average
STU12562,Male,78.6,1.83,78.6,85.3,61.8,6.2,4,Medium,Yes,Graduate,41.0,Average
STU12563,Male,93.9,2.71,67.4,92.9,85.2,5.8,1,High,Yes,School,49.4,Average
STU12564,Male,98.2,1.42,74.3,77.9,58.7,7.3,0,Low,Yes,Graduate,29.2,Fail
STU12565,Male,91.6,4.93,54.2,78.3,63.7,5.0,1,Low,Yes,Graduate,24.5,Fail
STU12566,Female,66.7,5.02,98.0,53.0,65.9,6.5,5,Low,Yes,Graduate,35.8,Fail
STU12567,Male,80.4,8.13,64.0,87.8,73.6,6.8,4,Medium,Yes,Graduate,54.8,Average
STU12568,Male,83.3,6.32,70.9,98.7,66.5,7.0,3,High,Yes,Graduate,59.8,Good
STU12569,Female,56.3,6.04,75.9,76.8,51.9,7.4,8,Low,No,Graduate,26.5,Fail
STU12570,Male,83.6,2.9,62.2,63.1,84.1,6.6,3,Medium,Yes,Graduate,33.0,Fail
STU12571,Female,100.0,2.64,68.1,69.6,63.7,6.3,0,Medium,No,Graduate,40.0,Fail
STU12572,Male,85.7,4.89,67.9,65.7,95.3,8.4,3,High,Yes,Postgraduate,46.3,Average
STU12573,Male,95.7,2.78,55.2,66.6,73.0,6.6,3,Medium,Yes,Graduate,33.5,Fail
STU12574,Female,80.2,6.46,74.1,81.7,85.5,8.6,5,High,Yes,Graduate,52.5,Average
STU12575,Female,77.1,1.35,44.9,76.2,77.2,6.6,8,Medium,Yes,School,37.0,Fail
STU12576,Female,82.6,0.6,92.5,87.1,86.1,7.0,3,High,Yes,School,51.0,Average
STU12577,Male,68.2,4.5,79.1,77.6,76.4,6.8,8,Medium,Yes,School,46.0,Average
STU12578,Male,66.4,2.02,76.9,59.0,72.1,7.3,6,Low,Yes,Graduate,20.1,Fail
STU12579,Female,93.2,1.17,43.7,64.5,83.2,6.5,1,High,Yes,Graduate,36.9,Fail
STU12580,Female,94.5,11.44,56.9,63.6,100.0,7.1,4,Medium,Yes,School,46.3,Average
STU12581,Male,66.1,3.1,87.5,69.2,65.5,8.7,6,Low,Yes,Graduate,44.4,Average
STU12582,Male,89.6,0.94,98.0,98.9,79.3,8.2,0,Medium,Yes,School,58.3,Good
STU12583,Male,77.0,1.83,84.7,100.0,68.9,8.2,4,High,Yes,School,45.9,Average
STU12584,Male,82.1,2.47,82.5,84.5,75.6,5.5,1,Medium,Yes,School,37.3,Fail
STU12585,Female,83.5,4.44,75.3,73.8,69.5,5.7,2,Low,Yes,Graduate,36.1,Fail
STU12586,Male,89.9,1.84,56.1,51.6,40.9,7.2,1,High,Yes,School,21.8,Fail
STU12587,Male,79.0,2.74,81.9,75.3,66.4,7.8,4,Medium,Yes,School,41.9,Average
STU12588,Female,94.9,3.74,52.6,60.1,82.0,6.4,0,Low,Yes,Graduate,37.4,Fail
STU12589,Other,81.7,4.25,51.1,96.5,59.1,6.2,5,Low,No,Graduate,37.4,Fail
STU12590,Female,85.5,2.89,50.2,47.9,81.0,8.5,0,Low,Yes,Graduate,39.8,Fail
STU12591,Female,68.0,9.26,81.7,77.8,71.4,7.8,6,Medium,Yes,School,41.9,Average
STU12592,Female,100.0,4.97,67.2,58.9,66.5,8.2,0,Low,Yes,Graduate,43.4,Average
STU12593,Male,83.6,4.78,69.4,71.9,80.8,6.5,5,Low,Yes,School,38.9,Fail
STU12594,Female,86.6,4.66,67.8,82.0,77.9,6.4,3,Medium,Yes,School,40.4,Average
STU12595,Male,58.7,6.5,52.2,87.3,74.5,8.0,10,High,Yes,Graduate,39.0,Fail
STU12596,Male,68.1,3.57,58.6,71.1,82.2,6.7,6,Medium,Yes,Graduate,34.9,Fail
STU12597,Male,92.9,1.33,59.3,83.4,71.6,6.3,1,Medium,Yes,Postgraduate,34.6,Fail
STU12598,Male,81.4,4.11,48.3,62.1,47.6,6.0,4,Medium,Yes,Postgraduate,24.9,Fail
STU12599,Female,55.0,4.47,60.9,75.7,64.1,6.4,11,Low,No,School,18.7,Fail
STU12600,Female,90.5,7.17,52.9,87.0,45.5,8.0,3,High,Yes,School,34.4,Fail
STU12601,Male,71.5,1.21,76.1,77.0,77.5,5.3,6,Low,Yes,Postgraduate,31.3,Fail
STU12602,Female,94.9,1.49,77.3,64.1,80.7,7.7,1,Low,Yes,School,31.8,Fail
STU12603,Female,76.9,3.17,49.9,67.8,81.2,6.2,5,Medium,Yes,Graduate,32.6,Fail
STU12604,Male,80.5,4.76,63.8,87.2,75.4,6.8,5,Low,Yes,Graduate,45.2,Average
STU12605,Female,92.1,1.02,94.0,55.6,81.6,6.8,5,Low,Yes,Graduate,38.8,Fail
STU12606,Male,67.2,1.24,54.3,57.8,48.5,6.8,6,Medium,Yes,School,21.3,Fail
STU12607,Male,66.1,5.54,74.0,81.0,67.6,6.7,6,Medium,Yes,School,37.2,Fail
STU12608,Male,75.6,1.06,69.5,65.4,50.6,6.5,4,Low,Yes,School,17.7,Fail
STU12609,Female,87.9,1.5,83.3,50.2,64.3,6.4,3,Medium,Yes,School,42.1,Average
STU12610,Male,62.0,5.78,72.1,92.3,90.0,8.5,4,Medium,Yes,School,33.4,Fail
STU12611,Male,58.0,4.71,62.0,55.5,83.2,7.0,8,High,No,Graduate,28.8,Fail
STU12612,Female,87.9,1.85,68.9,69.0,77.6,6.9,4,Low,Yes,Graduate,30.5,Fail
STU12613,Female,70.8,4.34,69.1,62.7,66.6,6.3,5,High,Yes,School,39.2,Fail
STU12614,Female,73.3,3.78,66.7,67.5,56.1,6.6,6,Medium,Yes,School,29.2,Fail
STU12615,Male,55.7,2.81,49.5,58.7,71.4,6.3,12,Medium,Yes,Postgraduate,31.4,Fail
STU12616,Female,69.9,2.28,85.4,82.7,83.4,7.8,7,Low,Yes,School,37.6,Fail
STU12617,Female,77.9,4.23,82.9,73.7,74.3,6.2,1,Medium,No,School,36.4,Fail
STU12618,Male,89.2,1.15,53.4,86.8,48.4,4.5,0,Low,Yes,Graduate,17.8,Fail
STU12619,Female,68.7,4.19,63.8,62.9,70.4,7.1,6,Medium,Yes,School,35.2,Fail
STU12620,Male,97.9,3.54,64.8,100.0,44.1,6.7,0,Medium,Yes,School,34.9,Fail
STU12621,Female,69.8,3.72,51.8,43.4,79.5,6.4,6,Low,Yes,School,19.2,Fail
STU12622,Male,69.8,1.45,41.9,48.2,60.0,8.0,6,Low,Yes,Postgraduate,22.9,Fail
STU12623,Male,96.4,7.29,58.6,98.3,53.1,4.0,2,High,No,Graduate,45.9,Average
STU12624,Female,80.5,1.86,63.0,79.1,79.6,8.7,2,Medium,Yes,Graduate,36.1,Fail
STU12625,Female,71.4,2.1,47.8,77.1,76.3,8.2,5,Medium,Yes,Postgraduate,28.7,Fail
STU12626,Male,76.1,2.73,70.5,78.5,72.0,6.3,5,High,Yes,Graduate,27.0,Fail
STU12627,Female,94.2,4.7,84.3,80.6,97.5,6.5,2,Low,Yes,School,39.1,Fail
STU12628,Other,95.6,3.64,79.8,76.5,77.3,7.6,1,Medium,Yes,Graduate,51.5,Average
STU12629,Male,68.2,0.76,66.2,57.5,60.6,7.6,3,Medium,Yes,Graduate,30.8,Fail
STU12630,Female,77.5,3.07,42.2,84.3,75.7,6.3,5,Low,No,Graduate,28.2,Fail
STU12631,Male,79.1,3.26,78.0,81.9,65.3,5.2,4,Low,Yes,Graduate,36.3,Fail
STU12632,Female,66.2,7.4,70.0,93.4,85.5,9.3,8,High,Yes,School,42.9,Average
STU12633,Male,77.3,2.44,73.9,98.5,72.7,8.1,6,Low,Yes,School,44.8,Average
STU12634,Female,78.1,4.43,95.1,77.0,73.9,7.2,5,Low,Yes,Graduate,35.4,Fail
STU12635,Male,91.7,12.0,56.5,53.6,50.2,7.2,2,Medium,Yes,School,38.6,Fail
STU12636,Male,92.5,6.59,27.8,98.6,69.8,7.7,4,Medium,Yes,Postgraduate,39.6,Fail
STU12637,Female,74.0,1.38,53.3,56.7,68.3,7.8,7,Medium,Yes,Graduate,23.9,Fail
STU12638,Male,75.4,5.13,74.8,77.1,55.7,4.7,5,Low,Yes,School,30.9,Fail
STU12639,Female,86.0,4.21,68.4,68.1,66.1,6.6,6,Medium,Yes,Graduate,32.9,Fail
STU12640,Male,71.0,2.38,51.0,65.5,74.7,6.5,5,Medium,Yes,Graduate,29.5,Fail
STU12641,Male,85.1,5.17,48.1,83.5,68.9,6.8,1,Medium,Yes,Graduate,31.9,Fail
STU12642,Female,76.9,1.36,63.0,75.7,50.6,7.8,5,High,Yes,Graduate,28.1,Fail
STU12643,Male,66.4,1.89,50.6,79.7,65.4,5.0,6,Low,Yes,Graduate,23.6,Fail
STU12644,Female,66.5,2.75,75.3,59.8,62.9,5.5,3,Medium,Yes,School,26.7,Fail
STU12645,Male,95.4,2.3,62.2,69.4,71.5,6.3,0,Medium,Yes,Graduate,37.3,Fail
STU12646,Female,76.1,4.8,59.2,60.5,70.1,7.2,5,Medium,Yes,Graduate,33.9,Fail
STU12647,Female,97.7,3.01,57.4,69.0,63.6,7.9,0,Medium,Yes,Postgraduate,30.0,Fail
STU12648,Male,71.8,2.12,71.7,70.2,63.1,8.8,4,Low,Yes,Postgraduate,25.0,Fail
STU12649,Male,81.5,6.52,68.6,99.7,69.9,6.7,4,Medium,Yes,Postgraduate,47.8,Average
STU12650,Male,100.0,4.68,70.8,68.1,81.5,7.9,0,Medium,No,School,41.6,Average
STU12651,Female,65.3,0.91,70.5,40.1,72.6,7.8,8,Medium,Yes,Postgraduate,21.9,Fail
STU12652,Male,55.2,0.89,67.0,92.9,87.5,7.6,8,Low,Yes,Graduate,33.9,Fail
STU12653,Male,93.4,2.14,53.5,78.7,83.7,7.0,3,Low,Yes,Graduate,30.3,Fail
STU12654,Male,68.1,1.02,57.8,70.0,88.5,6.6,5,Low,Yes,Postgraduate,16.7,Fail
STU12655,Female,77.8,5.85,62.5,65.4,86.8,5.8,4,Low,Yes,Postgraduate,46.2,Average
STU12656,Male,71.0,1.96,96.9,57.8,89.3,5.8,8,Low,Yes,Graduate,41.8,Average
STU12657,Male,81.2,4.42,49.1,100.0,54.0,7.4,2,Low,Yes,School,38.6,Fail
STU12658,Female,66.6,5.08,62.1,72.8,77.4,6.9,6,Low,No,School,24.2,Fail
STU12659,Female,75.8,0.52,69.4,45.9,84.8,6.5,3,Low,Yes,Postgraduate,28.4,Fail
STU12660,Female,83.4,2.03,63.8,76.9,87.2,7.7,2,High,Yes,Postgraduate,35.2,Fail
STU12661,Female,65.9,2.66,83.0,90.1,59.0,6.8,7,Medium,Yes,School,33.5,Fail
STU12662,Male,69.6,3.76,63.7,74.3,77.5,6.0,7,Low,No,School,25.5,Fail
STU12663,Male,73.8,5.63,64.7,58.5,70.0,6.7,5,Medium,Yes,Graduate,28.9,Fail
STU12664,Male,60.9,11.77,79.4,57.1,93.0,7.9,7,Medium,No,School,49.3,Average
STU12665,Female,72.9,8.68,93.3,58.2,51.0,5.9,4,Low,No,Graduate,37.8,Fail
STU12666,Male,79.4,2.98,87.7,94.8,59.0,7.2,3,Medium,Yes,Postgraduate,53.5,Average
STU12667,Male,73.2,2.96,66.1,70.9,45.5,6.9,3,Low,Yes,School,25.9,Fail
STU12668,Female,74.7,8.1,67.3,46.8,70.9,6.2,6,Medium,Yes,Graduate,23.0,Fail
STU12669,Female,77.8,3.1,68.7,77.8,98.4,6.7,6,Low,Yes,Graduate,29.6,Fail
STU12670,Male,70.1,2.0,70.1,74.1,68.4,5.3,6,Medium,Yes,School,38.3,Fail
STU12671,Female,86.3,5.91,56.1,65.3,70.3,7.1,3,Low,Yes,Graduate,33.8,Fail
STU12672,Male,95.2,3.89,81.1,56.7,76.2,5.5,2,Low,No,Graduate,39.1,Fail
STU12673,Female,72.4,0.88,70.9,56.0,67.5,8.2,6,Medium,Yes,Graduate,28.6,Fail
STU12674,Female,83.8,2.46,67.4,88.3,73.8,6.9,5,Low,Yes,Graduate,43.3,Average
STU12675,Male,75.1,1.05,50.2,75.7,74.1,6.4,3,Medium,Yes,Postgraduate,19.6,Fail
STU12676,Female,82.4,0.5,68.9,79.2,58.0,8.3,3,Low,Yes,School,36.4,Fail
STU12677,Female,96.8,9.45,41.5,75.7,67.8,5.9,0,Medium,Yes,Postgraduate,50.0,Average
STU12678,Other,84.1,3.39,59.9,76.9,78.6,6.2,4,Medium,No,Graduate,34.9,Fail
STU12679,Male,56.7,2.53,60.1,65.0,81.1,5.0,7,High,Yes,Graduate,27.7,Fail
STU12680,Male,83.4,2.12,72.0,68.9,85.9,8.4,5,Medium,Yes,School,36.1,Fail
STU12681,Male,92.8,3.14,94.3,89.5,73.4,9.1,2,High,Yes,School,43.4,Average
STU12682,Female,75.3,2.1,76.0,93.2,73.6,5.2,8,Low,Yes,Graduate,36.3,Fail
STU12683,Male,89.9,1.4,88.3,53.7,78.8,6.1,2,Medium,No,Postgraduate,40.0,Average
STU12684,Male,69.7,2.2,77.0,68.9,61.3,7.1,5,Medium,No,Graduate,32.1,Fail
STU12685,Other,60.2,7.6,83.8,84.6,60.7,6.4,9,Medium,Yes,School,40.7,Average
STU12686,Male,79.7,5.82,94.0,100.0,67.4,7.0,6,Medium,Yes,School,45.6,Average
STU12687,Male,56.9,2.2,57.8,98.7,52.4,6.9,8,High,Yes,Graduate,33.9,Fail
STU12688,Female,75.1,10.06,56.8,60.1,74.3,7.4,2,Medium,Yes,Postgraduate,44.2,Average
STU12689,Male,93.4,2.96,77.4,91.1,82.6,5.9,0,Low,Yes,Graduate,48.6,Average
STU12690,Male,55.1,1.68,67.9,72.9,59.8,7.2,9,Medium,No,School,19.6,Fail
STU12691,Male,62.6,4.01,71.1,87.7,74.7,5.8,10,Low,Yes,School,34.8,Fail
STU12692,Male,65.6,8.38,64.5,83.8,60.8,6.5,5,Medium,Yes,School,38.2,Fail
STU12693,Male,77.2,7.36,59.7,53.0,55.8,5.1,4,Medium,Yes,Graduate,30.6,Fail
STU12694,Female,73.6,1.75,90.7,80.2,95.7,6.6,5,Low,Yes,School,46.6,Average
STU12695,Male,94.8,1.17,52.6,87.1,56.0,6.4,4,Low,Yes,School,17.9,Fail
STU12696,Male,89.5,2.36,77.6,71.7,52.4,8.0,5,High,Yes,Postgraduate,36.2,Fail
STU12697,Other,83.9,4.48,75.3,68.3,71.8,6.9,4,Low,Yes,Graduate,35.3,Fail
STU12698,Female,79.7,5.32,45.9,48.4,72.5,7.1,5,Low,Yes,Postgraduate,29.6,Fail
STU12699,Female,82.7,6.7,56.4,82.3,77.7,7.0,5,Low,Yes,Graduate,40.9,Average
STU12700,Female,67.7,3.53,58.7,75.1,95.0,4.7,5,Medium,Yes,School,31.9,Fail
STU12701,Male,88.3,3.61,75.9,58.2,58.9,4.8,3,Low,Yes,School,26.2,Fail
STU12702,Female,64.7,3.44,62.9,67.1,61.5,6.6,6,Medium,Yes,Graduate,27.7,Fail
STU12703,Female,88.0,6.14,66.8,74.3,89.9,7.3,2,Low,Yes,Graduate,47.3,Average
STU12704,Female,92.2,5.38,47.6,63.6,81.2,6.7,3,Low,Yes,Graduate,34.0,Fail
STU12705,Male,80.5,1.69,98.0,72.0,79.4,6.0,4,Low,Yes,Postgraduate,47.4,Average
STU12706,Female,75.9,4.95,69.0,45.8,61.3,6.7,6,Low,Yes,Graduate,31.2,Fail
STU12707,Male,82.8,5.88,75.0,92.2,83.6,6.6,5,Medium,Yes,Graduate,48.0,Average
STU12708,Male,43.7,6.19,60.4,72.2,79.4,7.9,9,Low,Yes,School,16.1,Fail
STU12709,Female,81.6,3.89,58.9,55.5,71.5,7.8,0,Medium,Yes,School,32.8,Fail
STU12710,Male,76.6,3.74,94.8,35.1,61.4,6.4,6,Medium,Yes,Graduate,36.5,Fail
STU12711,Male,77.4,3.05,41.2,87.4,70.4,6.9,6,Low,Yes,School,24.0,Fail
STU12712,Male,86.5,3.28,71.9,80.4,90.4,7.3,3,Low,Yes,Postgraduate,45.5,Average
STU12713,Male,77.1,9.1,51.0,75.2,54.8,7.5,5,Medium,Yes,Graduate,36.1,Fail
STU12714,Male,64.3,3.36,62.3,85.0,58.6,8.8,8,Medium,Yes,School,30.8,Fail
STU12715,Female,76.3,1.81,59.1,84.9,60.8,7.0,6,Medium,Yes,Graduate,36.8,Fail
STU12716,Female,78.8,3.95,54.2,74.9,63.7,8.3,4,High,Yes,Graduate,38.3,Fail
STU12717,Female,79.4,5.25,68.5,68.2,68.8,5.7,6,Low,Yes,School,25.1,Fail
STU12718,Male,79.9,6.03,32.0,65.7,81.5,6.3,3,Medium,Yes,Graduate,22.9,Fail
STU12719,Male,90.5,1.39,63.6,78.3,75.0,4.7,2,Medium,Yes,Graduate,36.6,Fail
STU12720,Female,65.0,7.93,66.7,93.0,69.8,7.2,7,Low,Yes,Graduate,46.1,Average
STU12721,Male,80.1,5.12,49.0,70.5,72.6,7.7,3,Medium,Yes,School,25.3,Fail
STU12722,Male,93.5,7.64,89.2,94.1,77.1,4.2,0,Medium,No,Graduate,53.3,Average
STU12723,Other,57.2,0.98,59.7,77.6,47.1,7.2,12,Medium,Yes,Graduate,29.4,Fail
STU12724,Male,80.2,6.35,64.7,77.7,82.9,7.7,3,Medium,Yes,School,41.9,Average
STU12725,Male,71.0,1.33,59.7,100.0,58.3,7.6,6,Low,Yes,School,40.1,Average
STU12726,Male,73.6,2.57,66.9,96.8,63.2,5.7,6,Medium,Yes,Graduate,29.6,Fail
STU12727,Female,67.1,5.23,86.3,97.2,73.4,7.9,6,Medium,Yes,School,41.8,Average
STU12728,Male,76.0,1.22,98.0,60.0,68.0,7.0,6,Medium,No,Postgraduate,32.7,Fail
STU12729,Female,100.0,2.09,78.4,100.0,75.3,7.7,0,Medium,Yes,School,42.1,Average
STU12730,Female,62.8,0.96,83.2,70.8,70.8,6.9,6,Medium,Yes,Graduate,23.7,Fail
STU12731,Female,64.0,5.14,92.0,68.6,65.2,7.4,8,Medium,Yes,Postgraduate,39.0,Fail
STU12732,Male,62.4,1.67,71.5,39.6,88.9,8.2,7,Low,Yes,School,25.8,Fail
STU12733,Male,98.7,3.21,90.0,76.9,78.2,6.8,3,Medium,Yes,Graduate,44.8,Average
STU12734,Female,72.5,4.21,79.1,55.7,72.9,7.3,6,Medium,No,School,30.3,Fail
STU12735,Female,77.7,3.92,70.0,78.1,78.0,8.4,3,Low,Yes,Graduate,47.5,Average
STU12736,Male,73.2,3.67,72.9,54.6,59.8,6.9,6,Low,Yes,Postgraduate,34.1,Fail
STU12737,Male,66.7,3.67,42.5,99.0,97.3,5.8,5,Low,Yes,Postgraduate,33.0,Fail
STU12738,Female,75.2,1.02,72.1,80.3,54.9,7.7,5,Medium,Yes,Graduate,33.7,Fail
STU12739,Female,100.0,2.68,46.4,100.0,70.5,8.6,0,Low,Yes,Postgraduate,33.1,Fail
STU12740,Female,94.7,3.65,45.2,56.7,65.3,8.4,0,High,Yes,Postgraduate,36.4,Fail
STU12741,Female,67.8,3.37,70.7,95.2,64.8,7.8,5,High,Yes,School,36.6,Fail
STU12742,Male,85.8,2.91,52.4,45.0,63.1,4.4,6,High,Yes,Postgraduate,21.2,Fail
STU12743,Female,68.0,1.86,67.9,75.1,59.0,6.3,7,Low,No,School,22.1,Fail
STU12744,Female,56.7,3.86,69.9,62.5,84.4,6.4,8,Medium,Yes,Postgraduate,31.5,Fail
STU12745,Male,90.2,4.36,70.6,65.3,53.3,7.0,1,High,Yes,Postgraduate,32.7,Fail
STU12746,Male,91.9,2.31,55.3,64.3,81.8,8.9,2,Medium,No,Graduate,44.6,Average
STU12747,Male,90.6,6.05,80.6,58.3,77.4,5.8,1,Low,Yes,Graduate,48.1,Average
STU12748,Male,72.4,8.04,66.8,53.1,64.0,9.5,4,High,Yes,Postgraduate,39.7,Fail
STU12749,Female,76.0,3.26,74.2,65.4,75.9,6.6,5,Medium,Yes,School,25.3,Fail
STU12750,Male,87.0,1.73,51.2,73.7,66.9,6.2,3,Medium,Yes,Graduate,17.3,Fail
STU12751,Female,82.7,1.21,65.5,89.5,54.7,7.9,3,High,Yes,Graduate,45.0,Average
STU12752,Male,73.3,2.54,83.4,76.4,54.8,8.0,4,High,Yes,Graduate,36.6,Fail
STU12753,Male,58.6,3.09,81.6,89.5,77.5,7.7,8,Medium,Yes,School,40.7,Average
STU12754,Female,79.4,1.15,56.8,49.8,76.8,6.2,3,Low,Yes,School,18.0,Fail
STU12755,Male,90.9,2.48,60.4,65.5,72.1,7.6,1,Medium,Yes,Postgraduate,36.0,Fail
STU12756,Female,63.6,5.85,54.2,82.7,63.9,5.9,8,Medium,Yes,Postgraduate,29.7,Fail
STU12757,Male,85.7,0.5,58.8,77.1,66.5,6.1,6,Medium,Yes,Postgraduate,30.3,Fail
STU12758,Female,82.0,3.4,48.4,59.1,64.8,6.9,6,Medium,Yes,Graduate,26.8,Fail
STU12759,Female,87.0,2.08,66.1,86.0,46.3,6.1,6,Medium,Yes,Graduate,25.7,Fail
STU12760,Male,88.5,3.16,76.9,64.0,69.8,8.2,1,Medium,Yes,Graduate,37.1,Fail
STU12761,Male,69.7,8.31,57.0,60.3,75.8,6.4,9,High,Yes,Graduate,34.1,Fail
STU12762,Female,58.6,3.05,66.7,79.3,69.9,6.8,9,High,Yes,Postgraduate,22.0,Fail
STU12763,Male,71.6,2.74,64.9,72.1,92.0,6.0,7,Medium,No,School,26.8,Fail
STU12764,Male,88.7,4.92,82.8,64.2,55.9,8.1,3,Medium,Yes,Postgraduate,42.4,Average
STU12765,Female,71.5,3.89,59.4,63.6,60.4,6.3,5,Medium,Yes,Postgraduate,31.1,Fail
STU12766,Male,69.7,3.41,59.9,56.0,70.7,8.3,7,Medium,Yes,Graduate,36.5,Fail
STU12767,Female,56.1,3.99,56.2,66.1,72.2,8.2,9,Low,Yes,Postgraduate,23.7,Fail
STU12768,Male,99.0,6.9,52.1,88.5,44.3,6.5,0,Medium,No,Postgraduate,40.2,Average
STU12769,Female,87.9,5.61,75.4,75.7,76.8,7.0,2,Medium,Yes,School,35.4,Fail
STU12770,Female,87.2,2.61,66.1,86.4,72.2,6.5,4,Medium,Yes,School,38.1,Fail
STU12771,Male,89.6,8.03,68.8,79.7,41.4,7.6,2,High,Yes,Graduate,39.1,Fail
STU12772,Female,84.9,2.18,85.8,62.8,67.5,6.8,4,High,Yes,Graduate,36.8,Fail
STU12773,Male,75.1,3.4,86.6,47.3,58.5,6.5,4,High,Yes,School,34.4,Fail
STU12774,Male,76.0,3.68,45.0,58.1,63.1,7.1,5,High,Yes,Graduate,28.2,Fail
STU12775,Female,72.9,2.52,77.1,61.9,51.6,5.3,5,Medium,No,Graduate,19.2,Fail
STU12776,Female,100.0,7.49,71.2,60.8,74.4,6.9,0,High,Yes,Graduate,53.0,Average
STU12777,Female,84.7,2.42,61.5,86.7,91.9,7.7,2,High,Yes,School,41.5,Average
STU12778,Female,72.4,2.88,72.6,86.6,72.4,7.2,7,Medium,Yes,School,41.3,Average
STU12779,Male,83.6,6.14,43.8,100.0,40.9,8.0,4,Low,Yes,Postgraduate,41.2,Average
STU12780,Female,65.9,2.24,88.5,60.5,72.7,6.6,7,Low,Yes,School,37.9,Fail
STU12781,Female,96.1,1.11,75.2,96.0,66.5,6.5,4,Medium,Yes,Graduate,33.5,Fail
STU12782,Male,70.1,3.47,55.9,95.9,54.7,5.8,7,Medium,Yes,Graduate,31.0,Fail
STU12783,Male,84.0,1.42,59.8,68.5,73.6,6.6,5,Medium,Yes,Postgraduate,23.6,Fail
STU12784,Male,90.8,1.29,44.2,79.1,80.4,9.2,2,Medium,Yes,Postgraduate,43.0,Average
STU12785,Male,82.6,0.5,63.6,90.6,60.3,7.3,3,Medium,Yes,Postgraduate,41.7,Average
STU12786,Female,79.1,0.52,61.2,71.1,47.6,6.4,3,Low,Yes,Graduate,27.9,Fail
STU12787,Male,78.1,0.56,49.4,70.0,42.8,5.9,5,Low,Yes,School,12.6,Fail
STU12788,Female,77.3,8.71,78.9,62.6,60.3,5.2,1,Medium,Yes,School,44.2,Average
STU12789,Female,71.1,0.56,85.9,36.6,67.0,6.1,6,Low,Yes,Graduate,21.1,Fail
STU12790,Female,72.6,1.39,67.6,73.1,62.3,7.8,6,High,Yes,School,28.8,Fail
STU12791,Female,95.8,2.92,63.7,61.4,60.1,6.5,1,High,Yes,School,32.9,Fail
STU12792,Female,76.7,4.78,74.1,55.9,76.4,5.9,5,Medium,Yes,School,24.2,Fail
STU12793,Male,68.6,5.11,67.7,78.3,75.0,6.1,4,Medium,Yes,Graduate,33.8,Fail
STU12794,Female,71.8,1.73,52.8,50.2,71.6,7.7,8,High,Yes,Graduate,34.5,Fail
STU12795,Female,91.2,3.36,58.9,84.1,79.6,6.9,1,High,Yes,Postgraduate,42.7,Average
STU12796,Other,86.1,2.86,63.8,79.3,60.5,6.3,1,Medium,Yes,Graduate,36.7,Fail
STU12797,Female,84.7,3.23,71.5,66.0,54.8,6.7,4,High,Yes,School,31.9,Fail
STU12798,Male,74.9,3.53,68.1,71.1,62.2,9.4,5,Medium,Yes,Graduate,34.1,Fail
STU12799,Female,84.9,4.2,70.9,54.1,61.3,8.3,2,Low,Yes,Graduate,35.4,Fail
STU12800,Female,70.3,2.05,46.7,83.3,42.3,8.6,5,Medium,Yes,Postgraduate,23.2,Fail
STU12801,Male,74.9,6.71,77.3,74.8,61.9,5.1,5,Medium,Yes,Graduate,27.6,Fail
STU12802,Female,89.6,2.44,68.0,75.9,83.4,6.8,4,High,Yes,School,42.3,Average
STU12803,Female,88.5,11.45,98.0,79.5,79.4,6.3,3,Low,Yes,Graduate,67.8,Good
STU12804,Female,66.2,2.15,62.6,62.4,75.8,7.6,7,Medium,Yes,Graduate,22.7,Fail
STU12805,Female,67.7,3.4,72.5,49.2,70.7,8.2,8,Medium,No,Graduate,26.6,Fail
STU12806,Female,79.3,2.87,98.0,86.4,87.8,7.4,4,High,Yes,School,56.5,Good
STU12807,Female,98.7,3.31,70.7,82.3,55.2,6.0,1,Medium,Yes,Graduate,36.1,Fail
STU12808,Male,55.0,6.25,67.1,64.0,56.5,6.3,9,Low,Yes,School,25.8,Fail
STU12809,Male,81.3,2.76,54.2,78.1,83.6,7.7,5,High,Yes,Graduate,57.8,Good
STU12810,Male,61.5,1.24,89.4,90.9,69.4,7.8,7,Medium,Yes,School,39.2,Fail
STU12811,Male,70.4,2.02,51.8,89.1,60.3,7.2,4,High,Yes,School,28.2,Fail
STU12812,Female,73.6,2.76,74.0,63.5,76.2,7.1,7,High,No,Graduate,37.1,Fail
STU12813,Female,73.0,3.61,61.4,49.7,63.3,7.1,8,Low,No,Graduate,26.0,Fail
STU12814,Male,71.6,1.73,65.3,52.2,58.1,7.3,4,High,No,School,19.7,Fail
STU12815,Male,78.1,1.89,48.1,67.3,57.8,7.8,5,Medium,Yes,Postgraduate,17.3,Fail
STU12816,Other,71.6,3.7,86.8,93.9,73.2,7.7,5,High,Yes,Graduate,48.7,Average
STU12817,Male,60.5,3.79,64.1,61.1,71.7,7.0,9,Low,Yes,Postgraduate,30.1,Fail
STU12818,Male,87.4,5.69,51.0,63.1,88.7,6.9,3,Medium,Yes,School,35.8,Fail
STU12819,Female,87.0,2.0,85.5,62.7,65.2,6.9,8,Low,Yes,Graduate,41.2,Average
STU12820,Female,88.1,4.48,60.9,64.0,65.0,6.1,2,Low,Yes,Graduate,40.5,Average
STU12821,Male,59.5,2.88,72.7,71.8,87.7,6.1,10,High,No,Graduate,34.5,Fail
STU12822,Male,81.6,2.23,79.8,52.8,81.8,7.6,6,Low,Yes,School,31.2,Fail
STU12823,Male,86.1,2.95,74.6,88.3,70.9,6.2,4,Low,Yes,School,26.4,Fail
STU12824,Male,65.6,3.24,37.2,69.8,48.7,7.9,7,High,Yes,Postgraduate,19.9,Fail
STU12825,Male,78.1,1.13,77.7,100.0,58.4,6.9,5,Medium,Yes,Postgraduate,29.0,Fail
STU12826,Male,76.6,1.21,66.6,54.4,55.3,7.9,5,Medium,Yes,School,12.6,Fail
STU12827,Male,100.0,4.89,63.4,95.8,69.5,7.7,2,High,Yes,School,49.2,Average
STU12828,Male,100.0,2.39,66.5,92.9,62.4,7.9,0,Medium,Yes,School,47.9,Average
STU12829,Female,58.0,3.63,45.5,65.8,89.8,6.5,8,Low,Yes,Graduate,14.2,Fail
STU12830,Male,100.0,4.8,70.7,66.1,48.6,7.4,0,Medium,Yes,School,37.5,Fail
STU12831,Male,67.0,2.96,48.9,58.2,53.9,7.8,4,Medium,Yes,Graduate,23.1,Fail
STU12832,Male,89.8,4.53,64.0,58.4,72.2,5.3,3,Low,Yes,School,30.0,Fail
STU12833,Male,89.6,3.26,70.2,72.0,75.8,8.9,4,Medium,Yes,Graduate,34.9,Fail
STU12834,Female,66.1,3.37,83.0,72.3,35.4,9.5,6,Medium,Yes,Postgraduate,40.4,Average
STU12835,Male,83.9,6.58,56.5,48.0,46.4,8.0,5,Low,Yes,School,19.7,Fail
STU12836,Female,76.7,2.74,88.3,100.0,65.6,7.9,2,Low,Yes,Postgraduate,36.1,Fail
STU12837,Female,84.7,4.93,81.3,68.1,86.6,7.6,3,High,Yes,Postgraduate,41.9,Average
STU12838,Male,80.8,0.95,62.0,73.0,93.5,6.6,4,Low,Yes,Graduate,35.8,Fail
STU12839,Female,92.4,3.54,52.5,62.6,63.6,6.9,2,Low,Yes,School,27.4,Fail
STU12840,Male,78.9,7.65,47.8,68.0,66.8,8.1,4,High,Yes,Graduate,33.6,Fail
STU12841,Male,76.0,11.96,71.8,66.6,58.1,5.9,5,Medium,Yes,School,45.4,Average
STU12842,Male,91.2,1.0,57.7,72.0,77.2,5.8,1,High,Yes,Postgraduate,36.8,Fail
STU12843,Female,85.0,2.38,84.8,71.8,88.9,6.6,3,High,Yes,Graduate,33.1,Fail
STU12844,Female,86.8,1.44,58.5,84.1,85.3,7.7,5,Medium,Yes,Graduate,39.8,Fail
STU12845,Female,70.0,2.81,55.4,75.4,68.6,6.0,5,Medium,Yes,Graduate,34.5,Fail
STU12846,Female,65.5,5.46,71.3,82.6,58.1,6.8,10,Low,Yes,School,28.7,Fail
STU12847,Female,71.2,6.73,58.4,71.9,69.1,6.9,5,Low,Yes,Graduate,33.0,Fail
STU12848,Male,70.6,6.87,68.1,75.5,87.0,5.9,6,Low,Yes,Postgraduate,49.8,Average
STU12849,Female,87.4,0.92,81.8,68.4,63.8,4.3,3,Medium,Yes,Graduate,29.6,Fail
STU12850,Male,89.7,3.19,69.6,87.0,45.4,5.9,2,Medium,Yes,School,33.3,Fail
STU12851,Female,76.1,1.97,69.7,76.8,64.3,7.3,7,High,Yes,Postgraduate,35.1,Fail
STU12852,Male,95.2,2.7,70.9,69.6,65.4,7.5,2,Low,Yes,School,35.7,Fail
STU12853,Male,94.4,2.19,44.3,69.2,45.3,7.5,1,Medium,Yes,Postgraduate,27.1,Fail
STU12854,Male,80.9,0.96,73.5,70.4,72.0,7.7,6,Low,Yes,School,30.5,Fail
STU12855,Male,68.1,6.77,70.2,72.5,75.6,6.3,5,Low,Yes,Graduate,45.5,Average
STU12856,Female,96.9,1.75,80.5,71.2,93.2,6.1,0,Medium,Yes,Graduate,50.3,Average
STU12857,Male,77.3,2.0,76.5,63.6,51.7,7.4,5,Medium,Yes,School,28.5,Fail
STU12858,Male,79.5,7.68,65.2,83.5,78.5,6.8,5,Medium,Yes,School,38.7,Fail
STU12859,Female,73.9,0.81,82.5,84.4,81.6,8.0,6,Medium,Yes,School,34.2,Fail
STU12860,Female,67.3,4.16,63.9,98.8,75.8,7.4,6,Medium,Yes,Graduate,43.9,Average
STU12861,Female,60.4,5.95,71.5,62.9,55.9,8.4,8,High,Yes,Graduate,24.8,Fail
STU12862,Other,85.6,7.3,63.6,82.0,55.2,6.5,5,Medium,Yes,School,49.9,Average
STU12863,Male,68.6,3.97,74.5,43.4,70.3,8.2,7,Medium,Yes,Graduate,31.1,Fail
STU12864,Male,100.0,4.99,62.7,84.4,70.2,9.2,0,Low,No,Postgraduate,39.0,Fail
STU12865,Male,65.0,5.95,91.1,50.2,61.7,7.1,6,Medium,Yes,School,36.3,Fail
STU12866,Male,62.9,2.85,96.2,57.2,85.8,7.5,10,Medium,Yes,Graduate,33.5,Fail
STU12867,Male,84.1,1.55,80.2,77.0,63.8,6.0,2,Low,No,Postgraduate,32.7,Fail
STU12868,Female,96.4,8.04,89.6,62.7,44.4,8.0,1,Medium,Yes,Graduate,41.2,Average
STU12869,Male,78.8,4.64,46.5,60.6,66.1,8.2,6,Medium,Yes,Postgraduate,29.1,Fail
STU12870,Female,84.9,3.19,48.1,64.7,75.2,6.5,4,Low,Yes,Graduate,17.7,Fail
STU12871,Female,55.9,1.01,63.5,82.9,73.4,7.6,8,High,Yes,Graduate,25.3,Fail
STU12872,Male,69.9,0.5,68.6,58.0,73.3,7.3,5,Low,No,Graduate,20.3,Fail
STU12873,Male,65.1,4.11,65.2,71.2,88.4,7.4,10,High,No,School,28.8,Fail
STU12874,Male,55.3,0.5,45.0,66.3,54.5,7.9,7,Medium,Yes,Graduate,12.1,Fail
STU12875,Female,79.4,3.17,84.1,84.3,63.5,7.6,3,Low,No,Graduate,39.2,Fail
STU12876,Male,51.1,1.81,98.0,84.7,89.1,6.8,10,Low,Yes,School,39.7,Fail
STU12877,Female,62.1,2.18,85.9,44.5,43.4,7.9,7,Medium,Yes,Graduate,26.9,Fail
STU12878,Male,71.6,6.91,83.2,87.7,68.3,8.2,7,Medium,Yes,Graduate,52.9,Average
STU12879,Female,68.0,1.83,71.2,62.8,85.0,6.4,4,Medium,Yes,School,28.9,Fail
STU12880,Male,82.8,3.28,56.2,75.5,84.8,7.0,3,Medium,Yes,Graduate,39.1,Fail
STU12881,Male,81.7,1.83,69.0,57.9,77.6,5.1,5,Low,Yes,School,28.4,Fail
STU12882,Male,88.7,3.85,97.5,77.6,77.9,7.6,3,Medium,No,School,53.3,Average
STU12883,Female,87.0,3.49,63.1,100.0,55.5,8.3,2,High,Yes,Graduate,38.2,Fail
STU12884,Male,91.7,3.17,61.6,73.9,86.9,6.7,0,Medium,Yes,School,44.4,Average
STU12885,Female,78.0,5.96,83.5,65.1,53.4,7.1,5,High,Yes,Graduate,35.4,Fail
STU12886,Male,81.6,0.81,84.4,68.5,54.2,6.8,2,Medium,Yes,School,29.7,Fail
STU12887,Female,84.1,0.62,56.1,50.0,74.0,6.6,5,Medium,Yes,Postgraduate,24.3,Fail
STU12888,Female,79.7,1.18,64.3,93.7,62.6,7.3,4,Medium,Yes,Postgraduate,37.8,Fail
STU12889,Male,73.2,3.5,61.0,76.7,71.7,6.1,4,Low,Yes,School,24.2,Fail
STU12890,Male,74.0,4.3,69.0,56.3,74.6,6.7,4,Low,Yes,School,26.1,Fail
STU12891,Female,68.2,0.5,83.5,56.8,92.1,6.0,5,Medium,Yes,School,28.8,Fail
STU12892,Male,83.1,4.27,56.7,72.2,74.6,7.6,1,High,Yes,School,37.7,Fail
STU12893,Male,76.9,2.43,83.3,86.0,61.0,7.3,5,Medium,Yes,Graduate,34.2,Fail
STU12894,Male,70.0,8.17,69.4,54.7,77.8,6.5,5,Low,Yes,Graduate,38.8,Fail
STU12895,Female,70.1,4.06,98.0,88.7,58.2,7.0,7,Low,Yes,Graduate,38.9,Fail
STU12896,Male,63.5,7.58,72.5,70.6,80.9,6.8,8,Medium,Yes,Postgraduate,44.4,Average
STU12897,Female,89.7,6.69,66.6,58.0,69.8,8.3,3,Medium,Yes,Postgraduate,43.7,Average
STU12898,Male,78.9,2.43,76.0,65.0,74.2,6.5,5,Low,Yes,Graduate,41.9,Average
STU12899,Male,67.6,5.47,63.3,98.2,45.9,7.7,8,Low,No,Graduate,31.2,Fail
STU12900,Male,87.7,2.43,42.9,51.2,39.7,6.2,5,Medium,Yes,Graduate,11.6,Fail
STU12901,Female,71.3,8.82,64.6,61.0,49.5,7.9,6,Low,Yes,Graduate,32.8,Fail
STU12902,Female,61.1,2.6,64.4,86.3,91.7,8.1,8,Medium,Yes,School,34.6,Fail
STU12903,Male,90.3,4.44,45.7,75.2,54.1,8.2,1,Medium,Yes,School,27.9,Fail
STU12904,Female,71.6,9.87,67.0,60.1,78.5,8.6,4,Low,Yes,School,49.8,Average
STU12905,Male,73.1,4.57,39.1,86.5,60.7,7.3,7,Medium,Yes,School,24.6,Fail
STU12906,Male,78.5,2.24,63.1,87.2,65.9,8.4,5,Low,Yes,Graduate,30.5,Fail
STU12907,Male,91.7,1.06,71.4,77.0,68.4,8.8,3,Low,Yes,Graduate,38.0,Fail
STU12908,Female,78.2,0.82,69.4,62.8,90.4,5.8,3,High,Yes,Graduate,29.9,Fail
STU12909,Male,63.6,4.25,62.2,65.1,76.6,6.3,10,Medium,Yes,Postgraduate,34.2,Fail
STU12910,Female,84.5,2.95,66.8,76.3,74.0,5.4,3,Low,Yes,School,36.3,Fail
STU12911,Male,72.2,1.2,57.0,52.3,85.9,8.2,4,Low,Yes,Postgraduate,29.1,Fail
STU12912,Female,100.0,5.09,68.2,91.9,60.8,5.3,0,Low,Yes,School,44.0,Average
STU12913,Other,78.0,5.04,68.8,97.5,82.9,5.0,7,High,Yes,School,37.8,Fail
STU12914,Male,51.2,2.91,55.4,68.5,80.7,5.8,8,Medium,Yes,School,14.9,Fail
STU12915,Female,82.3,7.79,71.7,77.3,80.6,5.1,2,Medium,No,School,41.7,Average
STU12916,Female,100.0,0.68,71.7,89.8,67.0,7.3,4,Low,Yes,School,33.3,Fail
STU12917,Female,96.9,2.31,65.7,100.0,63.3,5.8,2,High,Yes,Graduate,30.9,Fail
STU12918,Male,100.0,4.56,98.0,95.4,57.7,5.1,0,High,Yes,School,45.6,Average
STU12919,Male,65.8,1.32,66.0,46.0,58.5,7.0,5,Low,Yes,School,12.3,Fail
STU12920,Male,88.9,5.43,64.1,67.3,57.1,7.0,0,Medium,Yes,School,32.0,Fail
STU12921,Female,69.3,6.49,62.1,79.5,73.8,4.9,6,Medium,No,Graduate,41.0,Average
STU12922,Male,80.7,0.5,54.4,64.6,66.0,6.2,5,Medium,Yes,Graduate,26.9,Fail
STU12923,Male,62.7,7.96,77.6,98.7,74.6,6.9,10,Medium,Yes,School,47.7,Average
STU12924,Female,70.3,4.37,58.4,96.4,75.3,6.6,3,Low,Yes,School,37.7,Fail
STU12925,Female,69.9,2.1,60.0,59.8,55.2,6.6,4,Medium,Yes,Graduate,30.0,Fail
STU12926,Male,88.8,0.89,60.5,69.6,54.8,8.3,2,Medium,Yes,Graduate,31.4,Fail
STU12927,Male,87.6,5.9,54.2,60.8,66.0,9.4,7,Medium,Yes,Graduate,43.3,Average
STU12928,Male,81.3,1.14,43.5,69.1,58.9,6.7,5,Medium,Yes,Graduate,16.2,Fail
STU12929,Male,61.8,4.37,61.5,68.6,57.6,5.5,8,Low,Yes,School,21.1,Fail
STU12930,Male,74.3,1.19,80.2,86.3,91.0,6.7,3,Medium,Yes,Graduate,37.2,Fail
STU12931,Male,69.0,3.12,70.8,58.7,49.1,7.2,3,High,Yes,Graduate,35.7,Fail
STU12932,Male,88.4,5.73,89.8,32.7,95.3,6.9,2,Medium,Yes,Graduate,48.8,Average
STU12933,Other,92.1,2.12,78.5,47.9,72.8,7.7,1,High,Yes,School,43.0,Average
STU12934,Male,90.7,7.93,75.3,56.6,81.8,9.4,1,Medium,Yes,Graduate,44.7,Average
STU12935,Male,68.9,4.63,94.4,62.2,80.3,5.1,6,Medium,Yes,Graduate,37.3,Fail
STU12936,Male,45.1,1.33,66.6,74.8,77.0,6.4,10,Medium,Yes,Graduate,14.8,Fail
STU12937,Female,56.8,0.96,68.9,55.8,90.6,8.7,7,Low,Yes,Graduate,29.7,Fail
STU12938,Male,95.1,1.66,67.8,53.8,54.9,6.4,3,High,Yes,Graduate,28.3,Fail
STU12939,Male,73.2,3.01,89.6,58.1,67.0,7.9,4,Medium,Yes,School,40.4,Average
STU12940,Male,69.0,8.41,68.0,55.3,57.9,7.7,6,High,Yes,School,35.0,Fail
STU12941,Male,97.7,9.43,58.9,63.7,47.0,8.4,0,Medium,Yes,School,31.9,Fail
STU12942,Male,93.2,2.06,76.2,63.0,60.4,9.1,2,Medium,Yes,Graduate,30.9,Fail
STU12943,Female,78.3,2.01,56.6,82.3,93.3,7.4,3,Low,Yes,Graduate,36.6,Fail
STU12944,Male,74.5,5.16,75.5,57.2,66.7,5.1,7,Medium,Yes,Graduate,34.8,Fail
STU12945,Female,76.4,5.13,73.8,66.6,94.8,6.2,4,Medium,Yes,Graduate,31.9,Fail
STU12946,Male,80.7,7.13,65.3,63.8,96.1,9.4,4,High,Yes,Graduate,48.2,Average
STU12947,Female,97.2,7.25,75.9,84.1,100.0,5.4,3,High,Yes,Graduate,49.9,Average
STU12948,Female,83.1,1.56,47.2,69.7,93.8,7.5,2,Medium,Yes,School,27.1,Fail
STU12949,Male,86.7,0.78,70.3,87.8,99.7,4.2,4,Medium,Yes,School,34.4,Fail
STU12950,Female,92.0,4.68,61.5,54.7,73.2,5.5,3,Low,Yes,School,31.8,Fail
STU12951,Male,64.0,3.63,98.0,71.3,72.0,8.0,8,Medium,No,Graduate,35.9,Fail
STU12952,Female,87.1,0.5,70.2,63.4,72.8,7.0,2,High,Yes,School,22.8,Fail
STU12953,Male,74.5,0.77,59.7,53.6,69.0,6.6,8,Medium,Yes,School,21.0,Fail
STU12954,Female,47.8,4.52,48.7,71.0,70.9,6.1,10,Medium,Yes,School,18.3,Fail
STU12955,Male,52.5,2.82,86.3,98.0,78.8,4.8,10,High,Yes,Graduate,31.2,Fail
STU12956,Male,65.8,4.59,63.1,59.2,62.9,7.8,6,Low,Yes,Postgraduate,27.6,Fail
STU12957,Male,84.4,1.25,56.9,70.1,51.1,6.7,3,High,Yes,Postgraduate,26.5,Fail
STU12958,Male,79.4,4.82,72.7,52.3,73.7,5.3,6,Medium,No,School,30.5,Fail
STU12959,Female,80.2,3.95,77.1,50.1,60.0,7.0,4,Low,No,Graduate,29.1,Fail
STU12960,Female,100.0,5.06,76.9,60.2,61.3,7.6,0,Medium,No,School,42.0,Average
STU12961,Male,62.8,2.18,68.3,65.3,67.1,6.8,8,Low,Yes,Graduate,24.5,Fail
STU12962,Female,77.7,1.82,70.2,65.9,64.2,7.1,3,Medium,Yes,Graduate,36.7,Fail
STU12963,Male,81.7,0.89,71.2,68.6,83.4,7.0,5,Low,Yes,School,39.2,Fail
STU12964,Female,69.2,2.47,72.7,47.3,66.8,6.2,6,Low,Yes,Graduate,24.8,Fail
STU12965,Male,78.3,6.31,73.9,62.6,84.1,7.1,6,Medium,Yes,Graduate,38.9,Fail
STU12966,Male,58.8,7.46,83.3,79.5,71.7,7.8,7,Medium,Yes,Postgraduate,37.6,Fail
STU12967,Male,94.9,1.15,68.8,51.6,67.8,8.1,0,Low,No,School,33.5,Fail
STU12968,Male,69.8,3.01,56.6,66.7,71.1,7.9,6,High,Yes,Postgraduate,26.6,Fail
STU12969,Female,100.0,8.49,66.0,76.4,52.2,6.3,0,Low,Yes,School,54.1,Average
STU12970,Other,77.6,9.23,78.6,60.3,73.4,7.7,6,Medium,Yes,School,58.0,Good
STU12971,Male,90.3,2.39,43.0,77.1,80.0,7.5,0,Medium,Yes,Graduate,34.6,Fail
STU12972,Male,77.4,6.67,43.1,49.2,81.9,6.2,6,Low,Yes,Graduate,19.6,Fail
STU12973,Male,77.6,5.95,80.9,85.3,51.4,6.5,5,High,Yes,Postgraduate,45.6,Average
STU12974,Female,71.0,5.63,89.3,77.5,49.3,7.7,6,Medium,Yes,Graduate,51.0,Average
STU12975,Male,79.4,0.66,50.3,72.8,62.0,8.5,5,Low,Yes,Graduate,18.1,Fail
STU12976,Female,81.8,1.96,69.4,88.9,87.0,5.0,4,Medium,Yes,School,46.5,Average
STU12977,Female,68.6,2.77,62.4,67.1,71.9,8.8,6,Medium,Yes,Postgraduate,23.8,Fail
STU12978,Male,76.5,2.71,64.3,62.7,58.9,8.3,5,Low,Yes,Graduate,21.3,Fail
STU12979,Female,70.7,2.98,72.3,92.6,50.1,7.2,7,Low,Yes,Graduate,32.7,Fail
STU12980,Male,100.0,9.88,49.9,99.6,60.1,6.7,0,Medium,No,Graduate,53.7,Average
STU12981,Female,76.9,2.46,52.5,61.6,59.2,7.4,5,Medium,Yes,School,23.6,Fail
STU12982,Male,96.5,4.08,63.8,70.3,81.2,6.3,0,Low,Yes,Postgraduate,44.1,Average
STU12983,Male,75.7,3.98,66.0,87.7,82.2,6.8,2,Medium,Yes,Graduate,47.7,Average
STU12984,Male,81.1,3.01,52.2,70.8,55.4,5.4,5,Low,Yes,Postgraduate,30.8,Fail
STU12985,Female,62.1,1.22,79.1,80.9,78.8,5.1,7,Low,Yes,Graduate,26.8,Fail
STU12986,Male,72.6,3.31,62.2,83.7,77.5,9.6,4,Medium,Yes,Graduate,35.5,Fail
STU12987,Female,80.5,0.5,62.1,63.6,53.7,7.1,4,Low,Yes,Graduate,28.8,Fail
STU12988,Male,97.0,4.37,72.0,78.3,67.9,7.2,0,Low,Yes,Graduate,45.8,Average
STU12989,Male,80.7,0.5,66.2,71.9,73.4,7.0,2,Low,Yes,School,32.5,Fail
STU12990,Female,94.6,4.1,79.7,53.7,71.1,6.1,0,Medium,Yes,Graduate,38.4,Fail
STU12991,Male,85.7,1.88,54.9,57.2,46.8,6.7,0,Medium,Yes,Graduate,29.3,Fail
STU12992,Male,97.5,1.38,48.4,62.2,70.7,7.1,2,Medium,Yes,Postgraduate,26.1,Fail
STU12993,Male,77.3,5.21,63.7,85.9,77.3,6.8,4,Medium,Yes,Postgraduate,43.3,Average
STU12994,Male,100.0,2.24,68.8,86.4,89.5,6.2,1,Medium,Yes,School,44.5,Average
STU12995,Male,72.2,3.19,50.6,83.2,60.3,7.5,5,Low,No,School,25.0,Fail
STU12996,Male,68.8,0.68,48.6,78.6,61.9,7.2,7,Low,Yes,School,22.6,Fail
STU12997,Female,63.5,7.82,70.6,78.2,66.3,7.4,7,Low,Yes,Graduate,32.7,Fail
STU12998,Female,100.0,3.42,57.4,76.2,72.8,7.8,0,High,No,Postgraduate,45.2,Average
STU12999,Male,87.8,3.41,47.7,78.1,70.3,6.8,3,Low,Yes,Graduate,31.7,Fail
STU13000,Female,74.0,4.44,81.5,79.1,76.9,6.8,5,Low,Yes,Postgraduate,37.4,Fail
